CH4_out,T_max_K,Vcat_m3,A_over_V_1_per_cm,diameter_cm,porosity
0.0009723783918945563,1780.518281428265,1.5005086319692589e-06,1511.8216247002567,2.9009273926518704,0.24324788381589013
0.0022145650058615555,1789.0458814194642,4.1804137731102697e-07,1948.649447137244,1.623662904020971,0.32699793469177274
0.0008220317884012358,1779.4376212275217,4.948188553503138e-07,1827.7025938204417,1.8183982727383226,0.36487810630191786
0.000733050193267267,1778.7875843626814,9.456459383449137e-07,1027.5591132430684,2.507026217349613,0.3614429939657835
0.0009902288783784352,1780.6453786192878,1.1093372510615029e-06,1329.7317164990923,2.5768574068568086,0.2909584487874935
0.011953887295397432,1851.0342601030288,2.572875788152113e-07,1453.4978894806516,1.2680833944943295,0.3209338959341388
0.0027236332601304216,1792.4388491754576,3.1486426476734934e-07,1203.4552406761495,1.524626680883699,0.4251094017890158
0.00039925973709156065,1776.2443188604657,4.6267137664836493e-07,1280.40875798604,1.9703819488632701,0.4942211599403716
0.0003534337891962896,1776.019034144751,9.014972677220461e-07,1961.6571936637868,2.4495798815470673,0.3623680566642303
0.0023407680300406826,1789.8906355233453,2.093888351740152e-07,1276.8912040453708,1.3213040175502537,0.4909776239648398
0.006343032691571132,1815.893441414825,2.1911406969906746e-07,1516.0685855478787,1.2317312249415406,0.3870469266612501
0.0003474499619305608,1776.4434884906293,6.127265565434425e-07,1776.6831143422978,2.226006602106081,0.4751893114372708
0.00277042549478573,1792.7489395344383,6.603037680735381e-07,1039.5928766642028,2.057178526520043,0.33780076486562116
0.0004217207352587426,1776.4165861770923,6.681267131482101e-07,1062.3495791498756,2.28265633827875,0.45578985154419704
0.0009750649616060325,1780.5374245465662,2.9841345586324656e-07,1592.941018104284,1.5201948954744464,0.4519644563094226
0.0004354100128456584,1776.5234925713428,5.529153679887461e-07,1509.4958815215093,2.021777768933066,0.4259090623106534
0.0003768532883743242,1776.0861691236976,9.7656343680539e-07,1147.9220357849565,2.639253438238554,0.4049860718009771
0.0013505545860593446,1783.171303632283,2.5213849385013485e-07,1787.096941554801,1.3832325180402705,0.440709248340359
0.006664166744378812,1817.937519073368,1.7321850710287514e-07,1191.3239260572002,1.1631052347270254,0.45656809228612105
0.000349825067604389,1776.0725867595024,1.175857392846591e-06,1861.2834961776684,2.753074192833161,0.34157291580763705
0.015455162387339114,1872.4358772533174,1.469333115559699e-07,1274.0483886137183,1.0141836572063325,0.3937162686724843
0.0005210204179998994,1777.1916893099162,1.2027493021636146e-06,1719.909383508693,2.6711384330005483,0.28456334820936263
0.0003947982293146573,1776.2111160179595,6.832531322003002e-07,1215.2181671629737,2.2786627601331757,0.4415164499435029
0.004798188808547615,1805.9887491439506,2.613744293405471e-07,1963.6708728449707,1.301049660842355,0.344663716459801
0.0006096215708128768,1777.8683040750034,5.000348253039933e-07,1894.7158621961735,1.8454338138908746,0.3768506186252144
0.0003835024210603444,1776.1302278741118,6.804018091064817e-07,1024.4906774933631,2.346919774305878,0.47572658589014677
0.0003491051298239348,1776.7889470106406,1.088971375098138e-06,1826.825329556721,2.7710405334198933,0.398106614156157
0.0021410291824915414,1788.5524197825941,1.1169533441839627e-06,1245.5522672431775,2.5370339977925087,0.26350242278225317
0.0033308013572249237,1796.4433745446047,1.648427517390022e-07,1831.2748346644612,1.1254358451415365,0.44764634401806674
0.007733550216936024,1824.712136635513,5.08872572716961e-07,1164.5072664741012,1.7502939929932837,0.2950214499670893
0.007452712381911706,1822.9376106399534,2.9558914705064536e-07,1691.3370352777413,1.3571437563487438,0.3188768486650959
0.01131453879978489,1847.0852727677934,3.69126165432718e-07,1005.8245951079809,1.524989425500203,0.3263566442686866
0.002103687192396329,1788.3014668715875,8.30036301171412e-07,1105.9212367073244,2.2663198920731156,0.3141272809659597
0.0005181878700807685,1777.169786064306,8.415233003521514e-07,1725.2939380762389,2.307732022136789,0.3293680246332219
0.0003472593483350125,1776.3033500343563,6.727576854011402e-07,1867.3205056421994,2.264270235000334,0.4430823056318897
0.004877597861455023,1806.501067908811,7.608169107725109e-07,1341.794723940113,2.0873385793369112,0.25888906553442603
0.00656519814747953,1817.3080644516847,3.7635935281323013e-07,1996.141190118628,1.4864309286126542,0.2770602401681308
0.003525970841741804,1797.722715343157,3.090770372794266e-07,1073.190072390966,1.5156062379934732,0.42893855976321593
0.01036697767216723,1841.2082494485273,2.559522600427539e-07,1697.8935706830812,1.2573464246343389,0.3128715504284283
0.000674264525076402,1778.3526720773903,8.483395323123686e-07,1420.921394617463,2.3299684927239213,0.3367786889131247
0.0003474563847169532,1776.4456478933073,9.84560618953573e-07,1586.5183268255314,2.679369207217885,0.41794208309371117
0.0031981110327358856,1795.57154346692,5.846619736850513e-07,1365.007263508559,1.8967926186889685,0.310309870907002
0.018507718230884162,1890.7963790017052,3.331961535343091e-07,1109.7346640066967,1.4064830881747932,0.28514194668323933
0.0030342061483800324,1794.492178862786,3.9062858590788935e-07,1314.1338956023023,1.6260957176398754,0.37300991487588564
0.00035143682543111983,1777.1527072509439,8.616056922434828e-07,1971.6899756197547,2.549328269847464,0.4373401844518416
0.000347259742369454,1776.3451147731087,5.950855126262406e-07,1759.26850053958,2.193975461047513,0.4753076771512738
0.006635134402248741,1817.7529145842798,7.327093446162976e-07,1689.630155447081,2.000712861473742,0.22312514255016164
0.01915208367416345,1894.637368427004,3.640550545602067e-07,1488.449227085524,1.4256619906806687,0.23980888926403618
0.0007664668225725182,1779.0327755245303,1.1074108099382812e-06,1506.064922529373,2.5701705851939183,0.2885019328416558
0.0036709756374897658,1798.6710444342089,7.487957235794673e-07,1768.7717599091666,2.051259046324508,0.24471440701121377
0.0011767764205980733,1781.961468753621,3.243575917836438e-07,1670.7486165011583,1.5406570352749294,0.42003606435341845
0.002698323010144375,1792.2710049586294,7.608169107725109e-07,1737.8069641917148,2.0873385793369112,0.25888906553442603
0.0003747880989311319,1776.0733415621853,1.0236998126165686e-06,1168.302090862544,2.683448311892687,0.39664207858791434
0.0003526449946119923,1777.328967413087,6.565135181326438e-07,1902.4016489435617,2.346919774305878,0.49413335039089135
0.0021515242004841576,1788.6229050934235,3.855140614931497e-07,1445.8015622597136,1.6260957176398754,0.3812191351271735
0.000354721629651624,1776.011726285391,6.121846340784787e-07,1215.6748984132585,2.2654008371722236,0.49373118679479966
0.013182745465825861,1858.588305265071,3.201047572052986e-07,1164.8682467586077,1.4064830881747932,0.3132289758871673
0.0007034933909181243,1778.569519442994,3.703507830400187e-07,1787.0623667603886,1.6473574342253545,0.4208028037662643
0.008404709534988649,1828.940425799324,5.797007081793094e-07,1153.7978240242246,1.84241531957751,0.275200938006273
0.00037511673958373376,1776.0753491774904,1.0010745652830945e-06,1998.7563781330014,2.5075200305416754,0.3242804731881732
0.00034884676403171185,1776.7445754881826,1.089247155582021e-06,1804.5854267362365,2.7710405334198933,0.3979541854945871
0.00042215570940475316,1776.4199706272732,6.683832996560465e-07,1062.3495791498756,2.28265633827875,0.45558085379156515
0.0003491496389123567,1776.7964541187391,9.84560618953573e-07,1776.7553404473338,2.679369207217885,0.41794208309371117
0.0005961864224921837,1777.7667165561904,9.973547208707597e-07,1245.5522672431775,2.5332804017435713,0.3404131555142553
0.0008396393972412148,1779.5652303738198,1.1093372510615029e-06,1419.108911096699,2.5768574068568086,0.2909584487874935
0.00044517721982329677,1776.600048427912,1.328025740798753e-06,1989.3310159111402,2.7748389156111664,0.26798529803861537
0.0032164541248755557,1795.6921682271661,4.6071849086364336e-07,1463.2606443140658,1.7107678224931693,0.33189863254571333
0.00310342514706936,1794.9483473856703,2.3743936430669754e-07,1676.7066253813584,1.3060368115811583,0.4092132469449934
0.0005114582564694637,1777.1176781022668,3.338884477665964e-07,1831.2748346644612,1.616933553427987,0.457991733286748
0.0010512786284034683,1781.0784065589382,1.50772001449334e-06,1511.8216247002567,2.9009273926518704,0.23961096439440732
0.00035347965827319596,1777.4483414453728,7.453922417179355e-07,1961.6571936637868,2.4495798815470673,0.4727816482073294
0.002584849809373239,1791.5174963481927,6.799218074127843e-07,1039.5928766642028,2.0872976023767946,0.3376628940196429
0.00818708045834628,1827.5712656084459,1.450111734466302e-07,1928.0470945329484,1.0065433541104007,0.3925292665255302
0.029572613644365964,1955.1214549971994,2.5014686364998005e-07,1117.4659646139949,1.2085778589054441,0.2731669641973102
0.0007915576197620211,1779.2160062258183,1.1866921802402122e-06,1323.889541481327,2.6711384330005483,0.294114676591435
0.0003475688838203444,1776.2070957064202,5.593771000384278e-07,1756.6845911571172,2.1271015148255943,0.4752926916654709
0.009762320900519634,1837.4423781133034,1.648427517390022e-07,1072.7839738691755,1.1254358451415365,0.44764634401806674
0.013841803936655385,1862.620500832389,2.572875788152113e-07,1321.8302235507238,1.2680833944943295,0.3209338959341388
0.017050058114932758,1882.0629146737197,3.7222268586707177e-07,1628.7018225100376,1.4389660721184667,0.23705963301962885
0.00034875182630140535,1776.7278809031986,9.508885378981512e-07,1586.5527046239652,2.679369207217885,0.4378485276332552
0.0005493909849432023,1777.4101159986778,9.578236240279632e-07,1340.4425083032042,2.4847063528154063,0.3415477780168866
0.0066642931818909285,1817.9383230388833,3.223089380045201e-07,1175.1817612963096,1.4670799197019857,0.3644442277621394
0.00038761731006072545,1776.159023473288,4.795726946740158e-07,1280.40875798604,2.0060480339920463,0.4942211599403716
0.0027170915223118835,1792.395475696629,3.14749800203359e-07,1203.4552406761495,1.524626680883699,0.42531839534284116
0.00035123688667542313,1776.0430537846014,6.727576854011402e-07,1588.518292574825,2.264270235000334,0.4430823056318897
0.0006667320257277302,1778.2965826599118,1.3167915460894368e-06,1651.6961911524343,2.7568275497517267,0.26466253550283736
0.013703514282713193,1861.7755259849985,2.567820994561852e-07,1319.67767779703,1.2680833944943295,0.32226802135364113
0.0010290295330941184,1780.9208781470634,2.9499039072443717e-07,1830.0285696167398,1.4801993735363423,0.42857886312913795
0.002285683395937484,1789.5222403123093,3.812046850817973e-07,1814.6328726513154,1.5743897503296214,0.3472865138802854
0.015206168695708027,1870.9261255062129,2.8789350096037285e-07,1126.2118120004725,1.339360668600519,0.3188768486650959
0.016242110981708337,1877.1953907069806,1.7047971892124257e-07,1314.1338956023023,1.0654693585201815,0.36264755588315495
0.020920485153848846,1905.1170981507855,3.678733411120612e-07,1488.449227085524,1.4256619906806687,0.23183584381773958
0.004457592589604682,1803.7868962595592,2.9498052335872264e-07,1787.096941554801,1.3832325180402705,0.34567754365854814
0.0004995581813514055,1777.025298714637,1.164601497720078e-06,1719.909383508693,2.6409974530227336,0.2913525259128994
0.0003604245806272754,1776.008066274826,6.11400146214267e-07,1281.1998649759428,2.226006602106081,0.4763254043823819
0.0003478899935098694,1776.5597654719286,6.673077402150731e-07,1699.2926989448297,2.3230372691369467,0.4751893114372708
0.004617633848641291,1804.8224321217276,2.2489542014452975e-07,1926.314988105897,1.2317312249415406,0.3708740878816072
0.01881258600841536,1892.6151594565335,3.331961535343091e-07,1096.3074237991932,1.4064830881747932,0.28514194668323933
0.0066049657785743465,1817.5610450369747,2.9558914705064536e-07,1802.1094349261723,1.3571437563487438,0.3188768486650959
0.00035585402282348633,1776.007935517784,1.175857392846591e-06,1698.1514479873467,2.753074192833161,0.34157291580763705
0.01324850928580563,1858.9912514301516,2.6063027173144805e-07,1343.1473148047737,1.2762943124038812,0.3209338959341388
0.0003473193588159445,1776.3901651600736,8.196733946377615e-07,1588.518292574825,2.499305489585676,0.4430823056318897
0.00034768521219079735,1776.190799562002,5.951592049021222e-07,1411.3432494525728,2.247130097842247,0.49977477818210553
0.0003483426731957977,1776.6527159571249,9.508885378981512e-07,1550.4455523553745,2.679369207217885,0.4378485276332552
0.01306528924607459,1857.868299876078,3.7363295078522437e-07,1291.5221380087046,1.4864309286126542,0.2822973211987961
0.0024730513566218054,1790.773406877699,1.4734476010019728e-07,1952.415231071799,1.09171537099973,0.4753076771512738
0.013020483540601787,1857.5935296382759,2.6060477126798586e-07,1454.3650375546595,1.2680833944943295,0.31217873967779985
0.006957111559629387,1819.798154785981,1.648427517390022e-07,1294.3343790598474,1.1254358451415365,0.44764634401806674
0.00034725780875833706,1776.3055321137758,6.956008610475394e-07,1699.2926989448297,2.3230372691369467,0.4529379102758074
0.0003475301572524306,1776.4688377792277,6.648834605755013e-07,1652.5325856187528,2.3188137184376183,0.4751893114372708
0.0014418700809402164,1783.8020687903115,2.628843358621731e-07,1927.1605267771638,1.3852429937129553,0.41856436061724284
0.0006178512348950547,1777.9303661974998,5.011967977986856e-07,1897.2491892508028,1.8454338138908746,0.37540255460127014
0.031746430401954226,1967.3640029474743,2.5014686364998005e-07,1047.8490777684021,1.2085778589054441,0.2731669641973102
0.004587115687446842,1804.6250941409123,2.3561901825126438e-07,1072.7839738691755,1.352467623563998,0.45330456035019334
0.008242113415479908,1827.9176621676247,3.4372505322774336e-07,1861.7138691437704,1.4250349456567497,0.2816286182217903
0.0027766443898939444,1792.7901316366513,2.3359655381813384e-07,1676.7066253813584,1.3060368115811583,0.4187747682107418
0.0003474175136035006,1776.235812378379,5.170989483653104e-07,1691.1199304839276,2.088649785727818,0.49692670160303576
0.014859356248128477,1868.8201807045139,1.6568021223137537e-07,1931.447772184167,1.0188674097985952,0.3226327978015813
0.0008848601777151564,1779.8916038124064,3.401831658021159e-07,1586.5527046239652,1.6025964077828014,0.4378485276332552
0.00035489233840004,1776.0110156096912,7.512078426156681e-07,1827.8334230924463,2.298407028732248,0.39647523579716154
0.0035048414639811745,1797.5843775222083,1.7772106728861442e-07,1699.2926989448297,1.1648407567687213,0.44410257674334025
0.004941521291602241,1806.9132040907755,1.5175115361336956e-07,1276.8060109522655,1.1248432218682531,0.4909776239648398
0.004653755908859148,1805.0559299016456,2.2513495475831183e-07,1926.314988105897,1.2317312249415406,0.37020401006373654
0.01297322760111542,1857.3036665348375,1.5959809907603565e-07,1314.3218151600852,1.0574642936161396,0.3942615325458481
0.005921371980103007,1813.2021809607888,1.6318953896802082e-07,1072.7839738691755,1.1690726597695626,0.49324484978262106
0.001389804808596956,1783.442806052881,2.351537720390317e-07,1867.3205056421994,1.3386742156597393,0.4430823056318897
0.0072476235935845824,1821.6396914718016,2.5876634737690083e-07,1989.2552670362638,1.2680833944943295,0.31703094185207337
0.0004054128718552955,1776.290838702569,6.39680194921611e-07,1734.4529908908266,2.1140400205404353,0.3925292665255302
0.00035307236778140354,1776.0218140418112,1.1878191966556461e-06,1714.6885609529195,2.7710405334198933,0.34347170697581453
0.008334170144143603,1828.4968408512502,1.469333115559699e-07,1869.1397501150773,1.0141836572063325,0.3937162686724843
0.0008062429729492053,1779.3229243816666,3.0964340819265647e-07,1442.8185470427272,1.5809626185031236,0.47421583735478645
0.0033417032527426086,1796.5149295786325,2.142507833935832e-07,1800.8570893295537,1.2406242527515923,0.4092132469449934
0.00036575402140376476,1776.0253044483761,9.477728431292346e-07,1585.2551763659526,2.5273366623716385,0.3702518075840616
0.004725959827228505,1805.5224200371208,2.6079688325185125e-07,1961.1348141418719,1.301049660842355,0.3461117804815726
0.00034733553351015423,1776.3983169452033,6.727576854011402e-07,1941.5647729001469,2.264270235000334,0.4430823056318897
0.008748300321474169,1831.0984330428983,1.7424910475216086e-07,1314.1338956023023,1.126358997355107,0.4170842976719789
0.0003477175635575827,1776.5192981123903,9.84560618953573e-07,1628.7250071788917,2.679369207217885,0.41794208309371117
0.0008879602639767066,1779.9139099090924,3.829706135134212e-07,1787.0623667603886,1.6473574342253545,0.4010664598408082
0.00668259873342622,1818.0547008256087,2.9600593821552795e-07,1802.1094349261723,1.3571437563487438,0.317916440901462
0.01694586215262741,1881.43625648107,2.6119938748872455e-07,1348.7879531827127,1.2573464246343389,0.29878513233603865
0.00726694683906279,1821.7620540679711,2.2822989405447545e-07,1321.8302235507238,1.2609897928859435,0.3908303606712353
0.00035163496243808797,1777.1819647231284,8.20809271962641e-07,1831.2748346644612,2.5352022028982963,0.457991733286748
0.0049640352563559515,1807.0583020403221,1.3782711651816055e-07,1831.1440053924564,1.02908950865746,0.44764634401806674
0.0032535213455515922,1795.9358209763957,9.641841826756403e-07,1117.4659646139949,2.372777983790562,0.2731669641973102
0.00035144619187962774,1777.1540935314538,8.057848360028665e-07,1666.2531299483642,2.5527168276879233,0.4751893114372708
0.012902257979670304,1856.8682169955969,1.4296791661741079e-07,1274.1335817068236,1.0194145518858946,0.41611704815488687
0.0003545909928889622,1776.0123067902396,6.719489003456603e-07,1508.7729760312584,2.264270235000334,0.44375182857917306
0.0009862954235292643,1780.6173915375266,4.6787086601673254e-07,1588.518292574825,1.7936054628970874,0.3827500964808296
0.01336218809658173,1859.6874691046817,1.3717426748187175e-07,1259.5215211848729,1.0025230557434706,0.42074101991941193
0.00035195707174925434,1776.0330474748107,6.951877886729898e-07,1827.7025938204417,2.244272407820856,0.4142128256606212
0.018159111089416084,1888.713353426513,1.5565700270292568e-07,1375.313278807722,1.0141836572063325,0.35772012890324983
0.012880738723561937,1856.7361498706186,1.429127989193747e-07,1274.1335817068236,1.0194145518858946,0.416342149597152
0.00034939887269809636,1776.085514095109,4.990582716547542e-07,1643.0098111194027,2.0430109159562866,0.4925435839376629
0.0008183065503850219,1779.410583167439,2.7738938705330397e-07,1902.4080267749707,1.4582549115176688,0.44637995138416675
0.00639221104405555,1816.2067763292516,1.6188649815177118e-07,1294.3343790598474,1.1254358451415365,0.4575521327754768
0.011623247685509762,1848.9936660552073,1.5959809907603565e-07,1409.5513872251493,1.0574642936161396,0.3942615325458481
0.010560687475774929,1842.412092608233,1.450111734466302e-07,1664.6050429115235,1.0065433541104007,0.3925292665255302
0.0027347706881866965,1792.5126807763666,2.156265513991558e-07,1276.8912040453708,1.3213040175502537,0.475813791894637
0.013206519133411155,1858.7339856923727,1.3699899513706288e-07,1270.8524425835756,1.0018823716888852,0.42074101991941193
0.0008456694291898737,1779.6088631424536,4.80444127206147e-07,1860.9618724695335,1.7917909328914121,0.36487810630191786
0.00035685009242779917,1776.006155935715,8.614648944600927e-07,1581.2445097596994,2.4573802911429987,0.39454522795214586
0.0006785759499212199,1778.3847375417845,3.715247806501736e-07,1806.6415250059358,1.6503475207814318,0.4210702866333445
0.0004150802145958471,1776.3650743077762,3.149504080840025e-07,1831.2748346644612,1.6222128583106596,0.49205655471615045
0.010318528483704747,1840.9069579097272,1.2526702365413026e-07,1048.0433048954771,1.0217469738789566,0.4907407778527221
0.00034754954418671755,1776.474530037462,8.196733946377615e-07,1639.4453785096605,2.499305489585676,0.4430823056318897
0.002207484409915648,1788.9984080139259,2.011938751280565e-07,1825.7651205608754,1.2383811257315294,0.44320545613756906
0.0003473258252558669,1776.262795240351,7.011201880677181e-07,1699.2926989448297,2.3230372691369467,0.4485971816444726
0.000457492206204863,1776.6966386131696,4.575425679711512e-07,1914.3372796100412,1.8183982727383226,0.4127238704119509
0.0007561033176909211,1778.956880138719,3.6980328329413885e-07,1758.5615005056159,1.6432649180958723,0.4187747682107418
0.0003532402053620506,1777.4142565961727,9.33919624431886e-07,1812.6266363300222,2.679369207217885,0.44788030245158467
0.00034805843536832667,1776.5960681869096,1.01169261484914e-06,1626.3372338427941,2.7160366218129925,0.41794208309371117
0.00034740034423578944,1776.2400054817233,5.099562970659657e-07,1691.1199304839276,2.0796722717729845,0.4995830402960234
0.011583719404023352,1848.7494783863817,1.5310688204872008e-07,1274.1335817068236,1.0549427471818096,0.41611704815488687
0.00039698708938834515,1776.227340461969,4.613460154577881e-07,1281.2024910543814,1.9703819488632701,0.4956700060965485
0.0011682852098025148,1781.9019918932004,3.5336947599622763e-07,1814.6328726513154,1.5743897503296214,0.39494704133475467
0.00034801253000248746,1776.1574098948931,6.730296087006454e-07,1737.2327405241838,2.264270235000334,0.44285720393436684
0.0041285706615120776,1801.6525844585017,1.5441851113745672e-07,1363.1464574761144,1.1346859450104254,0.4909776239648398
0.0010675082075216422,1781.1931182823976,4.816142079813478e-07,1914.5687758410097,1.7704127277139377,0.3478625993145989
0.00042728182872043635,1776.459929539441,3.1495993832034045e-07,1820.5984766605825,1.616933553427987,0.48871878798138196
0.0008566310385172863,1779.6880884032714,4.093077615164524e-07,1691.8124551072904,1.7036111625297126,0.4014535078557885
0.0003511929822275136,1777.1164696979743,6.557288622703022e-07,1918.8178757453131,2.3230372691369467,0.48429563306486106
0.0003488382861251902,1776.7430941053244,8.622320454430757e-07,1271.2138399434996,2.679369207217885,0.49026095641134826
0.002110629176981922,1788.3481390891309,1.430865493974662e-07,1952.415231071799,1.09171537099973,0.49047109703316133
0.005858134900083688,1812.7978249607004,1.599997490129275e-07,1072.7839738691755,1.162379330385535,0.4974116609361449
0.0017472882832037736,1785.892119733655,2.1565029473589408e-07,1876.36670761394,1.2810054056186515,0.4422533182611088
0.006355722940376081,1815.974306631849,2.1800498484394458e-07,1183.9363584518067,1.2685656559770053,0.42505091247576093
0.008577488617743406,1830.0261552763166,1.4621849616420418e-07,1928.0470945329484,1.0065433541104007,0.38747163407312474
0.004635457178177371,1804.9376547589643,1.5100463279433496e-07,1302.2967465565923,1.1248432218682531,0.4934816958747829
0.014680606258709645,1867.7333566258824,1.469333115559699e-07,1319.8287175064797,1.0141836572063325,0.3937162686724843
0.00034776686782833437,1776.5313051363469,6.59260153847721e-07,1658.0419662920654,2.3188137184376183,0.4796279411382583
0.00038974888674223594,1776.174275427447,8.021416006083072e-07,1699.2926989448297,2.3230372691369467,0.369147905276243
0.0028894589639301576,1793.5365796518147,2.422248524974371e-07,1787.0623667603886,1.3101302216856563,0.4010664598408082
0.004247561634847661,1802.4253259152645,1.2583416218673402e-07,1605.0333475810273,1.02908950865746,0.49570910799611856
0.003793435495576182,1799.4705599149036,1.7145224041136128e-07,1701.6804722724758,1.1441123767798662,0.44410257674334025
0.00034917502985760577,1776.0934351423032,5.89827156700881e-07,1600.164833143428,2.174182233159022,0.47043198897259575
0.0007976343782503435,1779.260277170164,4.905301389003867e-07,1648.5052221781134,1.8365246620667859,0.3827500964808296
0.013375021052218088,1859.7660388569752,1.3717426748187175e-07,1258.7277881165317,1.0025230557434706,0.42074101991941193
0.016723589406760116,1880.098393625519,1.4600225351150054e-07,1274.0483886137183,1.0049630412818413,0.3864524273268702
0.0003475810195600481,1776.4834906091387,7.219542939785846e-07,1867.3205056421994,2.345599042131454,0.4430823056318897
0.000347365585084833,1776.411849856351,9.89027497135278e-07,1586.5183268255314,2.679369207217885,0.4153013296860837
0.007789893355965747,1825.0677706378772,1.2052022782259274e-07,1276.8060109522655,1.0024344122944493,0.4909776239648398
0.00034806366425049675,1776.153232421746,1.0299072671287887e-06,1586.5183268255314,2.679369207217885,0.3911338042864586
0.01292155579807155,1856.986638065096,1.3635772094348387e-07,1272.5768826264189,1.0018823716888852,0.42345245466353504
0.0010584277587803689,1781.1289573084214,1.843157133782782e-07,1925.6996436470201,1.243940837466287,0.49446436493524126
0.0014369488761236478,1783.768153044946,2.6869206182223036e-07,1588.518292574825,1.4341795821357293,0.44558288424311093
0.013939937042033964,1863.2197607968326,1.3717426748187175e-07,1224.7300735174051,1.0025230557434706,0.42074101991941193
0.006488383167604368,1816.8192056465596,1.3894629994360548e-07,1863.3622365746378,1.010893134380176,0.42293417375515857
0.0003472618866342213,1776.3002212423255,5.645932235360844e-07,1831.1440053924564,2.1348500163299398,0.4742372819423178
0.010954436508366097,1844.8552881903192,1.5846472148080486e-07,1272.3529927554387,1.07344936179377,0.416342149597152
0.00034883105158453457,1776.7418283930153,8.662715568934813e-07,1283.2065567161712,2.679369207217885,0.48787285599896213
0.0025897286330352222,1791.5499289876634,1.9630151770448e-07,1282.544981149002,1.2834410700829162,0.4942211599403716
0.00034765975970535917,1776.1940831500478,5.170989483653104e-07,1655.35084201718,2.088649785727818,0.49692670160303576
0.010587663462038743,1842.579640758557,1.2356213277586342e-07,1003.4114639078099,1.0217469738789566,0.49767182304869806
0.0003493589205027601,1776.0868640209426,6.963657413878117e-07,1581.3149122908758,2.3072253036511388,0.4448041014642538
0.006384683381875664,1816.1588217554681,1.3618077048296266e-07,1332.0922815463123,1.0553855470097795,0.481101558800711
0.004131320979121076,1801.670456738372,1.2583416218673402e-07,1625.275644586308,1.02908950865746,0.49570910799611856
0.008858618720152943,1831.790392541187,1.5842141153278756e-07,1688.6457370597775,1.052055597736106,0.3925292665255302
0.0005123315821385958,1777.124445721544,3.096075848488869e-07,1759.26850053958,1.5844777389216878,0.476606684699584
0.00034967710288336584,1776.0767923834112,6.783084200176851e-07,1926.5853287068144,2.2217240271833156,0.41677538053416446
0.0010503402634184952,1781.071769144801,2.9294516690737804e-07,1820.8547301639924,1.4758850448942817,0.4292181732567334
0.0003535871893524283,1776.0179614602473,6.195677638961075e-07,1363.3656772890722,2.2383989986488078,0.4751893114372708
0.004196257506486244,1802.0922740169424,1.9535805190035015e-07,1665.1003353620304,1.1956652178856868,0.42003606435341845
0.006433295596877115,1816.468456397869,1.2873679451412715e-07,1302.2967465565923,1.0385997303051446,0.4934816958747829
0.002659233175730165,1792.0116220738146,1.8293892483430774e-07,1527.0656848509404,1.2164524522602123,0.4753076771512738
0.005320082925855221,1809.3490820681452,1.8113337807863947e-07,1928.0470945329484,1.1249442379073034,0.3925292665255302
0.00034798203666372364,1776.1600054434466,7.158640320567409e-07,1697.5713963662424,2.3230372691369467,0.437001741565437
0.0004190946345287138,1776.3961778570454,4.657040374947783e-07,1236.019114704226,1.9703819488632701,0.49090594364948165
0.0003482692037215404,1776.138291236388,8.135001138762997e-07,1670.7486165011583,2.434661032339186,0.4175354848348325
0.003986177872377579,1800.7265218414584,1.8840854826124408e-07,1259.5215211848729,1.2327824975485275,0.4738415524647067
0.0033058180558222655,1796.2793538618382,1.694390431430517e-07,1776.6831143422978,1.1420026962607654,0.448598306531519
0.0013235391760836642,1782.9840816715084,1.641664857286996e-07,1975.179155233889,1.175031137349566,0.49536819964151296
0.006081524532012854,1814.2253635747131,2.1356615726574958e-07,1282.3085275972048,1.2493939052703051,0.4193391691562727
0.00038601174186694533,1776.147677408844,4.3308806508954636e-07,1453.9054493662713,1.9002647091408782,0.4909776239648398
0.0003477606666282733,1776.5298167804615,6.648834605755013e-07,1688.3016740854926,2.3188137184376183,0.4751893114372708
0.0003502039694481499,1776.9661554290299,7.821556320704666e-07,1652.5325856187528,2.5108939031118997,0.47346733814959413
0.0003472548943388379,1776.3366137527457,4.888529537403576e-07,1895.6437905661478,2.0265961766999863,0.4948356788271658
0.011259976334693266,1846.7476565845598,1.2271468953996e-07,1014.5799668658294,1.011284282109046,0.4907407778527221
0.0005075051524086685,1777.0870233813355,4.364651840037544e-07,1890.2456089745122,1.7744725303372741,0.4116985630303544
0.00034831816001108914,1776.1350989090984,5.473339172348128e-07,1558.1754307464835,2.1380561576155754,0.4918370365200867
0.0008974995498205548,1779.9824960976484,2.8394758050959366e-07,1699.7939980499739,1.4866422335081295,0.4547268616990066
0.0009440114527344184,1780.3158230445792,2.099783107062697e-07,1825.5088670574655,1.3206687087258622,0.4890533861110171
0.012139452835837047,1852.1779910271218,1.5906491093794377e-07,1615.666773522784,1.0358560295126593,0.3708351466595174
0.00034850589621477127,1776.1238999438663,6.239631776227242e-07,1867.3205056421994,2.1747801891912912,0.44009146388742015
0.0005698216999726744,1777.566352700885,3.392220010839872e-07,1876.36670761394,1.6066376508365718,0.4422533182611088
0.0004963285929117157,1777.0001767760837,3.5887985650985936e-07,1932.8005211125517,1.6502445072444318,0.4407044618384562
0.0007875021326109955,1779.1864384125022,2.0213535239887497e-07,1974.1309937616666,1.3026220714440282,0.4944148902618077
0.0003474020419101593,1776.239578050734,6.927233907295158e-07,1652.5325856187528,2.3188137184376183,0.4532144936233035
0.00036510566017425257,1776.0225974911586,6.124636279745613e-07,1244.4488906087965,2.226006602106081,0.4754145142162326
0.01675890417142904,1880.311050867082,1.4519200056414525e-07,1048.0433048954771,1.0275642684541881,0.41640230890657026
0.0003477256880378574,1776.1858435716183,8.601851550411188e-07,1648.50847995305,2.4987588799740093,0.4153013296860837
0.00035107105369891126,1777.098245830727,6.126938045419976e-07,1941.5647729001469,2.264270235000334,0.49280397922812563
0.0003477289663746885,1776.1854554586635,5.201766368122456e-07,1637.8760556900172,2.0948562156341928,0.49692670160303576
0.0007873128446484276,1779.1850580648625,2.4404788851659505e-07,1645.182737354285,1.4298942217582624,0.4934106025193649
0.004647435830411067,1805.0150817705307,1.3817819220652777e-07,1948.866332839135,1.0254056064018988,0.4422533182611088
0.00102505419250078,1780.8926984653237,2.8394758050959366e-07,1613.9614959398757,1.4866422335081295,0.4547268616990066
0.003907470257070289,1800.2139893273131,1.2583416218673402e-07,1666.2368117160825,1.02908950865746,0.49570910799611856
0.0003492396844421228,1776.8115326049237,6.43407875311627e-07,1699.2926989448297,2.3230372691369467,0.4939855935731427
0.0009127880713917378,1780.0922567404646,1.910064539225644e-07,1976.3858107280594,1.2654511674849558,0.4937720450073706
0.00045468374237308054,1776.6746143743014,2.997975358982125e-07,1773.474992401324,1.5844777389216878,0.4931906260977216
0.003290658546652863,1796.179799364062,1.1920432538109877e-07,1905.1945841598754,1.0007465562917484,0.4948356788271658
0.0033078441087306234,1796.292657334497,1.299773462011993e-07,1692.203941729488,1.050157486091008,0.499795419607157
0.000625100273169959,1777.9849327789905,3.5887985650985936e-07,1712.1583236703345,1.6502445072444318,0.4407044618384562
0.008163742528274153,1827.4243339057057,1.648427517390022e-07,1187.6807072721715,1.1254358451415365,0.44764634401806674
0.0022408177527237,1789.221823637536,1.4204675676310296e-07,1920.9554487524433,1.0877414566209453,0.49047109703316133
0.0007573805896903002,1778.9662411446138,2.0305269587832938e-07,1992.2320237145943,1.3061181879266694,0.4948356788271658
0.0003631122592704977,1776.0152083752555,3.9898832930662955e-07,1698.950248474767,1.8346739506124765,0.49692670160303576
0.0055226114469493015,1810.6490050518514,1.3495131125697282e-07,1699.7939980499739,1.0248868821851214,0.4547268616990066
0.00034747772649673295,1776.2229364310713,5.616320501995285e-07,1763.1473356205634,2.131521111596477,0.475359914203747
0.00322689175204369,1795.7607910909492,1.9946012079974278e-07,1123.3874873556292,1.2991756920346875,0.49845584990903835
0.007852584085718773,1825.4633230971394,1.2074067785351275e-07,1281.765118892401,1.001712879820817,0.4893116415681903
0.010247429425910195,1840.4646702863645,1.2271468953996e-07,1074.2693192805148,1.011284282109046,0.4907407778527221
0.0004184868980349833,1776.3914607160355,3.245580422717864e-07,1952.415231071799,1.6202732595038998,0.4753076771512738
0.0013635695504670882,1783.2613966872993,2.221097102023547e-07,1974.1309937616666,1.3026220714440282,0.4444546148217437
0.00040792741474410607,1776.3100357691142,3.0834675829889773e-07,1825.9937074059885,1.6160065857722323,0.4988796974888226
0.00282740287691098,1793.1261664307913,2.288597223783742e-07,1073.4031254285574,1.3832325180402705,0.492345955593368
0.004416940339325444,1803.5235919325958,1.8868703641024746e-07,1033.7216510133378,1.2637132869118841,0.49854285500472956
0.0003663409784577876,1776.027868055865,5.028730968977667e-07,1870.7413584139465,1.952789283237672,0.4403242372020553
0.0009539803633423369,1780.3870416467266,3.0529884500609616e-07,1235.9534560602065,1.5954697546748038,0.4909776239648398
0.0004120286823991443,1776.34152541977,4.6113252265129554e-07,1551.2392412194679,1.9002647091408782,0.4580160681672974
0.001347002432216294,1783.1467032818027,1.6508255572291316e-07,1951.2084926041102,1.1783049886172385,0.49536819964151296
0.00044937948471809267,1776.6330094922378,3.2178199688781504e-07,1831.2748346644612,1.616933553427987,0.47764439423009514
0.00043085865147359426,1776.4878761582947,4.765289470733094e-07,1266.963401790167,1.9703819488632701,0.47907246855957797
0.0003573236615266906,1776.0057328792734,5.56792078909377e-07,1302.2967465565923,2.1599484387589367,0.4934816958747829
0.00609964278227743,1814.3410387683589,1.2161018909485722e-07,1478.4956306794443,1.0024344122944493,0.48637412555948445
0.0004614665500688526,1776.7277971139943,3.1665972343675055e-07,1831.2748346644612,1.6032582447962982,0.47715287039797544
0.00035030765832621267,1776.982221003505,7.855919162143087e-07,1919.838071998341,2.4604364103281404,0.44924102964986323
0.00405422667937226,1801.1692694586586,1.2526702365413026e-07,1696.5582016674525,1.0217469738789566,0.4907407778527221
0.006091910382549492,1814.291673459602,1.2972392758746637e-07,1328.5989952409768,1.0425740342719776,0.4934816958747829
0.00046405342627945897,1776.7480700849685,4.2505530016334196e-07,1363.1464574761144,1.8566196185067558,0.47665457817734075
0.0004403981412016135,1776.5625753793302,4.613460154577881e-07,1162.8506870330518,1.9703819488632701,0.4956700060965485
0.0014092771898894713,1783.5772851196987,1.7205214780623694e-07,1814.6080042897217,1.2057320815131487,0.4977183302814146
0.0003474072797464029,1776.4283597698352,1.0141409969473606e-06,1524.07815778174,2.7208030090223203,0.41857593249898506
0.0007367332844485272,1778.8146768175268,2.1035223971428832e-07,1987.6138439956844,1.324750396959595,0.49129279613179755
0.005655744078732458,1811.5023291719526,1.3802982542887777e-07,1728.690394200953,1.0288399771793915,0.4465656124716556
0.005394120520049393,1809.8245459555253,1.4808347924544493e-07,1332.0922815463123,1.1005418291551652,0.481101558800711
0.0003820022972313196,1776.1199840601003,4.3000697085820313e-07,1453.9054493662713,1.9002647091408782,0.49459893342323435
0.0023600205650188485,1790.0192794798018,1.4047525751176981e-07,1820.5984766605825,1.089584917240183,0.4978117637298082
0.0005423225643557522,1777.35585795384,3.3951641847597554e-07,1942.6262162201847,1.6051075777356103,0.4407044618384562
0.000347260904259988,1776.3013762285882,5.950855126262406e-07,1726.8540360337215,2.193975461047513,0.4753076771512738
0.0008245818595400479,1779.4561220307764,2.0213535239887497e-07,1937.375663043434,1.3026220714440282,0.4944148902618077
0.0024018999585345064,1790.2989170164265,1.7780383969220225e-07,1488.3411972265276,1.2175773561387173,0.4909776239648398
0.00038077324194006016,1776.1117098945629,4.3000697085820313e-07,1460.8506772968205,1.9002647091408782,0.49459893342323435
0.0037432926118922405,1799.1433351974626,1.2583416218673402e-07,1698.0964407322354,1.02908950865746,0.49570910799611856
0.0008223493362764722,1779.4399253637175,2.1635360948899396e-07,1871.634753717294,1.3405676710572674,0.4890533861110171
0.0004564305219380271,1776.6883134509926,2.932134312420076e-07,1820.7327595445634,1.565231869204495,0.49205655471615045
0.0024577650310043894,1790.671528972,1.2813269468837902e-07,1952.415231071799,1.0416264701018536,0.49878413645752573
0.01051323171057218,1842.1172863577112,1.214841707649281e-07,1068.6236944237085,1.0062011922236276,0.4907407778527221
0.003897701227873348,1800.1503414319848,1.6601792573298263e-07,1313.889105743994,1.1746375111101122,0.48933497297934336
0.0005525484055629962,1777.4343182880123,2.6885088205768146e-07,1691.1199304839276,1.5100445186943694,0.49959593715298
0.00034726377986910094,1776.2981564757988,9.359546110815369e-07,1281.5595947639385,2.6876385890946244,0.45007695945991943
0.0012870366938087926,1782.7306367617766,1.641815575624472e-07,1996.5590603609585,1.175031137349566,0.4953218702913717
0.001414230547789052,1783.6114714834255,1.7216526465413158e-07,1814.6080042897217,1.2057320815131487,0.49738810180151316
0.000347648374383444,1776.1955976494262,6.598732072591134e-07,1699.2926989448297,2.2625926368289067,0.4529379102758074
0.0026222066816690244,1791.7657481032224,1.2546724744165636e-07,1982.767654391044,1.027240916499339,0.49536819964151296
0.000537918416259633,1777.3219968499902,2.8770418561518944e-07,1836.4432243612112,1.528170501628354,0.47713277503199825
0.008214471974086288,1827.7436915982214,1.2074067785351275e-07,1250.452665611453,1.001712879820817,0.4893116415681903
0.000518156663610241,1777.169544527099,3.4705258419472835e-07,1970.699551807123,1.6202732595038998,0.4389421834160029
0.0031166714634458916,1795.0355862324216,1.6198060170309585e-07,1955.4932054065225,1.1124302441910978,0.4444715612703203
0.00034726426995979683,1776.3508647876215,4.886295118859472e-07,1905.0684040997303,2.0265961766999863,0.49506657617951094
0.004239824155543954,1802.375107638661,1.2583416218673402e-07,1606.360203095719,1.02908950865746,0.49570910799611856
0.0010890447632456721,1781.3450931969207,1.843157133782782e-07,1904.783567266974,1.243940837466287,0.49446436493524126
0.0005335400679491051,1777.28829299436,2.734788603706038e-07,1696.5582016674525,1.5225961701893684,0.49933969542273615
0.00035021753609338843,1776.968262372347,7.243214326369369e-07,1587.6276683671713,2.461900859185378,0.4928001922422131
0.006788879061648684,1818.7300876994689,1.1965028314023412e-07,1353.300891367516,1.0024344122944493,0.4946518728210997
0.00036371499030368254,1776.0172811308198,3.9898832930662955e-07,1692.0049351986388,1.8346739506124765,0.49692670160303576
0.004108913109858394,1801.5248282863288,1.2475775650533144e-07,1624.7935132640243,1.026598636685978,0.4975937263768447
0.000347288185373214,1776.3714790348465,4.85433597651579e-07,1895.6437905661478,2.0265961766999863,0.498369127248045
0.0033127616887117517,1796.3249462985834,1.2147777123730495e-07,1831.1405517804803,1.0132335742109089,0.4978117637298082
0.0003473359486202546,1776.259076697309,4.786298427314638e-07,1825.9937074059885,2.013368731830486,0.4988796974888226
0.003231198039005758,1795.7890999587585,1.2036921372073066e-07,1952.415231071799,1.00128518089451,0.490447765622008
0.0003472707750280558,1776.3575816599875,5.662577320961365e-07,1783.1825831682545,2.1541118218221684,0.4820754220165107
0.0043762761844765964,1803.2601002603242,1.487013770327836e-07,1581.1888365415098,1.089660239947081,0.4684775099766329
0.00034807110254443506,1776.1526417377509,6.074637600624319e-07,1677.9185487271845,2.193975461047513,0.46439366351409306
0.0008218706880268216,1779.436452259543,2.0200333738664088e-07,1937.375663043434,1.3026220714440282,0.49474508893143854
0.0003477130064968846,1776.1873632199213,5.913616871067673e-07,1644.145471895726,2.187100143998843,0.4753076771512738
0.0003559096119545132,1776.0078011816704,4.2733218445798345e-07,1685.8313154778557,1.8987229507248649,0.49692670160303576
0.0072362369176942245,1821.5675787349978,1.299806941088995e-07,1199.2399837562373,1.045592389341961,0.4954050627001933
0.0031730234406095207,1795.4065129233759,1.694390431430517e-07,1807.8462204714433,1.1420026962607654,0.448598306531519
0.007412478973006717,1822.6831269452239,1.2619419314222375e-07,1449.4902474459418,1.0024344122944493,0.4670133869175028
0.000565210028005545,1777.531162167251,2.4732757293226014e-07,1899.3295533072255,1.4377760368157029,0.49221611082108213
0.0004953993673362857,1776.9929447310824,4.3308806508954636e-07,1175.7669911235043,1.9002647091408782,0.4909776239648398
0.00034966152338391436,1776.0772512993885,4.992853479264477e-07,1633.490432548977,2.0430109159562866,0.4923126864301948
0.0014367012471985852,1783.7664463629712,1.7205214780623694e-07,1801.423045190924,1.2057320815131487,0.4977183302814146
0.0032287101478667077,1795.7727450679097,1.191710020686337e-07,1921.1720981745245,1.000606668242315,0.4948356788271658
0.0102262926236816,1840.3331514512245,1.2264185649398988e-07,1074.2693192805148,1.011284282109046,0.4910430309935352
0.001954551920550916,1787.2965636016854,1.5123624124794856e-07,1907.2128277107843,1.122002010808048,0.4901323374306923
0.004897084644693574,1806.6267316844662,1.5777843861232385e-07,1630.4026222942657,1.0990535348232606,0.44563114516259505
0.0003600370284443884,1776.0073728784798,4.4197527746737903e-07,1759.26850053958,1.895728681464918,0.47804329669706647
0.0016018142385000355,1784.9000253028003,2.0899344920433737e-07,1992.2320237145943,1.2619042304789523,0.4429826216935946
0.0026271225499858272,1791.7984022891399,1.566232971862013e-07,1776.6831143422978,1.1271205226499388,0.4767556936728826
0.001257696670610346,1782.5265090015155,1.68756347038617e-07,1958.9153570769745,1.19134400143663,0.49536819964151296
0.003522957262726594,1797.702987157973,1.1863482481606704e-07,1826.1454670315666,1.0013070201647407,0.4978117637298082
0.0007503091263610612,1778.9143914716665,2.0013647573955774e-07,1974.1309937616666,1.3026220714440282,0.4994145217619908
0.0029495275129747425,1793.9334261696035,1.1922635376525657e-07,1988.7234056682648,1.0013209913758712,0.4953218702913717
0.0003712391194345493,1776.05262260011,4.308460096329237e-07,1497.7012500292062,1.90699252007121,0.49717951832946927
0.00057930258031425,1777.638562909915,2.4732757293226014e-07,1875.8327702496347,1.4377760368157029,0.49221611082108213
0.00034736842072083797,1776.4130442260484,6.743514658193142e-07,1594.8307191432739,2.3355288158508825,0.4753076771512738
0.0003486506271587364,1776.1162191551218,4.935531661553184e-07,1643.0098111194027,2.0430109159562866,0.4981413292621234
0.00034740501091224,1776.4275117803256,4.875008492426714e-07,1952.2437712268709,2.0268827686487496,0.49637534912700226
0.00034932321916381976,1776.8253992201944,6.347555438240494e-07,1698.950248474767,2.3140996135126746,0.49692670160303576
0.001984736756781503,1787.5003119543596,2.2114810098482613e-07,1952.415231071799,1.2769381221818432,0.4243846420193248
0.0003477002796603988,1776.188918349033,5.53737285654688e-07,1759.26850053958,2.116020941945461,0.4751288423589034
0.00035290476430344445,1776.0232316552476,4.422925537531979e-07,1689.768807051262,1.9316730130267181,0.49692670160303576
0.003279600787798783,1796.1071676325646,1.1935627396180643e-07,1899.3971375931376,1.001912398110727,0.49536819964151296
0.0007731797504945479,1779.0818684928474,2.6133540325289453e-07,1727.662832654617,1.4539223108976456,0.4753076771512738
0.0032255955986361367,1795.7522697653244,1.3367456894530609e-07,1692.0049351986388,1.061947861432542,0.49692670160303576
0.00035281913825819275,1776.0239894842452,3.9893658432756283e-07,1874.9725396313008,1.8346739506124765,0.49699194540938924
0.00035151945885199525,1776.0388176392275,4.603671385338834e-07,1703.2520096549222,1.9622178217140673,0.4925435839376629
0.0030950137510177855,1794.892941579902,1.223782943334899e-07,1921.1720981745245,1.012532730360125,0.49338841342422585
0.0022649876178530864,1789.3837042073342,1.4204675676310296e-07,1912.8246612465534,1.0877414566209453,0.49047109703316133
0.001082218025218995,1781.2969494664678,1.8301309614130416e-07,1922.9605282058594,1.2395373825456155,0.49446436493524126
0.00034732921358274373,1776.2615195370195,4.785191697351014e-07,1827.2366381276317,2.013368731830486,0.498995570926844
0.0008775068944086112,1779.838660796023,2.007418868875033e-07,1900.749635219228,1.2983452475248627,0.4945869158521759
0.00034744546307890757,1776.2295245788303,5.099562970659657e-07,1682.4331314150006,2.0796722717729845,0.4995830402960234
0.0004127614157428639,1776.3471715755086,2.8632199635189086e-07,1985.16248516118,1.5517954752517062,0.49536819964151296
0.000406834676968408,1776.3016818461742,3.0834675829889773e-07,1830.988792154902,1.6160065857722323,0.4988796974888226
0.00037885880683646546,1776.0990616862712,3.2926096391391226e-07,1895.6437905661478,1.6666950913720138,0.4969434634755383
0.0013343546524459174,1783.0590699175984,1.6844501806432578e-07,1925.2556461297993,1.1896170570324318,0.4948356788271658
0.0035492446868892703,1797.875047633946,1.2658247723341404e-07,1783.378219424396,1.0268023929350847,0.490447765622008
0.003564981352612975,1797.9780209733167,1.2133190320403444e-07,1909.7298674240533,1.0007465562917484,0.4858194254049044
0.0007921285604519424,1779.2201675886595,2.4404788851659505e-07,1641.059953916907,1.4298942217582624,0.4934106025193649
0.0037550820863476763,1799.2202900734344,1.2111167846736957e-07,1749.01913468063,1.0108153071955979,0.49692670160303576
0.0005613980476456268,1777.5020408596458,4.381134569318346e-07,1368.9506316291856,1.843611542134486,0.4529379102758074
0.0016071203750283932,1784.936314294232,1.698133194149654e-07,1975.179155233889,1.1746234798074993,0.47764800261059664
0.0003475604780285563,1776.4776801587436,5.990193311761109e-07,1867.3205056421994,2.195947626325003,0.4727874425533384
0.0030422322769531095,1794.5450986737806,1.1920432538109877e-07,1969.3486180359864,1.0007465562917484,0.4948356788271658
0.0013352781750039012,1783.065471135422,1.6600103921142807e-07,1946.8381355771776,1.1815783583832733,0.49536819964151296
0.002792642322729673,1792.8960756610948,1.2599250015122706e-07,1952.415231071799,1.026948142533806,0.49296664464924334
0.00034815579652321653,1776.6160183236148,5.482384437890026e-07,1825.1849072781954,2.1548059985742274,0.4988796974888226
0.0003531358195995824,1776.0212990077034,4.3497434257379035e-07,1952.415231071799,1.8757454310440533,0.4753076771512738
0.0006958368684686545,1778.5128360154742,2.473594070036532e-07,1723.2992051131555,1.4377760368157029,0.49215075284910714
0.0009895682915850598,1780.640679132865,1.8781603007948342e-07,1929.4654084193978,1.2567633804216785,0.4953218702913717
0.0015636350795430745,1784.638668957307,2.7586640834159143e-07,1645.182737354285,1.4342778109277372,0.4308573585794233
0.002597731809807198,1791.6031238033374,1.566232971862013e-07,1784.8093413894794,1.1271205226499388,0.4767556936728826
0.0003472532005983154,1776.315185216885,7.167184587220672e-07,1838.7824884822571,2.3230372691369467,0.43632976937100126
0.0003472750586720736,1776.3614166596053,4.94542991122496e-07,1894.4008526726084,2.0381120081852013,0.49471451864687777
0.007324019855298057,1822.123373602583,1.1862128945930922e-07,1293.2244605143687,1.0004408774144873,0.4969992325018717
0.0003477516162933183,1776.527633743188,5.463822053338695e-07,1862.714548188603,2.1348500163299398,0.49119581780399113
0.0007479883855735673,1778.8973618722937,2.09838866748819e-07,1935.665804560811,1.3280190859567687,0.49502931969957953
0.0003486917590263313,1776.1141656385762,6.780789630476362e-07,1867.3205056421994,2.2391809035626333,0.42602791453439304
0.002099389671641902,1788.2725696259718,1.402834012023493e-07,1920.9554487524433,1.0877414566209453,0.4967963426416177
0.0007977727297733261,1779.2612841852506,1.987309352877133e-07,1992.2320237145943,1.2921437623256216,0.4948356788271658
0.00036140012988452637,1776.0102180240142,4.031982729316674e-07,1895.6437905661478,1.812533274192046,0.479122556209207
0.0006764992160010922,1778.3692959738646,2.756605202111909e-07,1801.3085596785781,1.4845106306509679,0.4691194535026315
0.000348755416784182,1776.1110900989,4.7002475054506824e-07,1896.4426163265932,1.9622178217140673,0.48189812997558396
0.002907176224508903,1793.653672384721,1.1847345398518176e-07,1980.4922400516245,1.000876079189836,0.4980629031501206
0.0003549992216569994,1776.0105977717803,3.996700867234916e-07,1872.837038464688,1.8277476407269797,0.49224051515892325
0.0003491737349437394,1776.0934837509383,5.677485878154375e-07,1838.7824884822571,2.101022830294932,0.4541373448009701
0.005361478970610935,1809.6149609529914,1.403355048284049e-07,1696.7697022435798,1.0416264701018536,0.45105048005661463
0.0010374285477922904,1780.9803825713614,1.8301309614130416e-07,1954.392677227445,1.2395373825456155,0.49446436493524126
0.0003474880999498016,1776.22094619213,5.624853725689116e-07,1759.26850053958,2.1330335853700926,0.4753076771512738
0.000407417841823753,1776.3061379949927,3.0815191251613896e-07,1825.9937074059885,1.6160065857722323,0.49919635779080784
0.002400244231477723,1790.2878663728138,1.4204675676310296e-07,1869.2202418701363,1.0877414566209453,0.49047109703316133
0.0003472555671064776,1776.3093403989094,4.96666404195336e-07,1874.9725396313008,2.0372187591828665,0.4920998806488696
0.0003598138827178262,1776.0070191666878,4.274224229384557e-07,1669.045065830811,1.8907047224111424,0.4925435839376629
0.003884873979390854,1800.0667578480711,1.5539266327344946e-07,1951.2084926041102,1.081705659953465,0.4363608260124553
0.0004027697383092291,1776.270768264744,4.498008577501611e-07,1865.1698189206932,1.8403143906789623,0.43632976937100126
0.0004437460103598171,1776.5888242246253,3.209188301116802e-07,1844.6507271070304,1.6160065857722323,0.4784477640877043
0.00034732248553956467,1776.2640857976764,4.964324783937369e-07,1895.6437905661478,2.0265961766999863,0.4870032511062303
0.0009346527131572879,1780.2488943345365,2.0338416906196024e-07,1903.54040672156,1.2984959096974598,0.4880531943439102
0.00034801370491021927,1776.5866711325723,5.330446105799963e-07,1905.1945841598754,2.1162154246392673,0.4948356788271658
0.006292845628897623,1815.5735636263055,1.2991454276680243e-07,1714.4900551079577,1.0003759626735804,0.44903991444107333
0.002635130229159038,1791.8515871532552,1.3155951638874975e-07,1905.406370252085,1.0502253672117716,0.4937720450073706
0.01124370127531814,1846.6469331814476,1.2011306831087212e-07,1037.9022488799142,1.0004408774144873,0.49067350538582133
0.0003476036422635992,1776.2018535545628,6.409359572792867e-07,1867.3205056421994,2.2100710822159613,0.4430823056318897
0.0019610576904419887,1787.3404932767187,1.411003767342333e-07,1952.415231071799,1.09171537099973,0.4975438259686298
0.00289658646968214,1793.583689508495,1.2976058208764354e-07,1875.8327702496347,1.0414210835008122,0.49221611082108213
0.004200798141996144,1802.1217579625425,1.1921119963063758e-07,1711.9907404237015,1.0007465562917484,0.49480654711914474
0.00255899171898877,1791.3455485396414,1.379618304328096e-07,1819.8305317541035,1.0773000883956403,0.49548460762502444
0.0023541282866995183,1789.9799136737327,1.2948014303323046e-07,1954.5469853039485,1.0480762332110136,0.49972789339872775
0.00035334354787865336,1777.428981644429,6.371894499664098e-07,1950.22568454267,2.3230372691369467,0.49887613490891014
0.00034736325093476494,1776.2501958176695,4.7041012801655444e-07,1895.6437905661478,1.9880002239667622,0.4948356788271658
0.00035235029861821075,1777.2864039007077,7.618233081815654e-07,1831.1440053924564,2.4798571615819833,0.4742372819423178
0.007316401993396196,1822.0751540708143,1.1858880999208023e-07,1293.2244605143687,1.0004408774144873,0.4971369581750505
0.00034726863540202074,1776.3555140047092,7.103939040739888e-07,1699.2926989448297,2.3476088332438882,0.4529379102758074
0.0007412930267688121,1778.8481938237112,2.137307058535946e-07,1883.9297314355695,1.34304487366146,0.4971079884128514
0.003149966929262925,1795.2547869411053,1.1863482481606704e-07,1915.5001388556834,1.0013070201647407,0.4978117637298082
0.0003633405432810886,1778.7879265493261,8.92668108984369e-07,1894.4008526726084,2.7382369841935583,0.49471451864687777
0.0003472715616426901,1776.3583149020787,5.904777851612645e-07,1543.8431037052112,2.236657040330815,0.49905086084527156
0.000771679684340325,1779.0709029320433,2.0305269587832938e-07,1976.76086528152,1.3061181879266694,0.4948356788271658
0.001324731737550409,1782.9923523650248,1.6419392943815567e-07,1975.179155233889,1.175031137349566,0.4952838403494816
0.0007169456728571115,1778.668913614056,2.0894257582944183e-07,1984.5813493749454,1.3245997347869984,0.4945869158521759
0.0016062319263292913,1784.9302388177964,2.1458820704798674e-07,1775.5929209359424,1.295056224964638,0.4569779467850594
0.0003486511806395618,1776.7099134799703,5.893482293373717e-07,1955.2814634452152,2.193975461047513,0.48036629214324816
0.0009475703736846518,1780.3412572920965,1.9577005306741765e-07,1942.4116530118997,1.2765529306389751,0.4901323374306923
0.0032509020532416845,1795.9186081007938,1.2236768881281367e-07,1915.3128011420147,1.009586183604983,0.49047109703316133
0.0014627366808775525,1783.9457834370835,1.7764998572825225e-07,1719.8042118870576,1.2267256453054955,0.49897528250303746
0.0016845259581901233,1785.4647961583564,1.5125204673727602e-07,1956.4271030514412,1.1278666485408237,0.49536819964151296
0.004152840477393448,1801.8102774324768,1.263301178005805e-07,1953.415916976618,1.000606668242315,0.4644882807508803
0.0005383522650336341,1777.3253344641967,2.4723936088352185e-07,1895.6437905661478,1.4441206939445124,0.49684766391099305
0.0005875483756236681,1777.7012204793432,2.3872251471467597e-07,1899.774304407886,1.41618462688269,0.4948242519162831
0.0004307205774244447,1776.4867965495184,3.5001101041562393e-07,1594.352493726519,1.7101969504077714,0.4920998806488696
0.0013159252684331437,1782.9312624296617,1.7805347387854809e-07,1825.1063963584147,1.223720823057927,0.49536819964151296
0.002064894680809417,1788.0404916921725,1.4531613573931899e-07,1985.259211317917,1.0960036160530686,0.48657296821781665
0.00034773993442070597,1776.5247964123319,5.270287850470219e-07,1848.25310810676,2.1115289258583587,0.4983172949340397
0.0006255374521223152,1777.9882207098883,2.160212059612698e-07,1982.767654391044,1.3532216421273102,0.499334829138601
0.002907788711458747,1793.6577197196814,1.349564399039959e-07,1749.4362997973708,1.0671210068306303,0.49701487862903215
0.0019194882185090375,1787.0596437855063,1.402834012023493e-07,1989.0630898903114,1.0877414566209453,0.4967963426416177
0.0032354473353586937,1795.8170325905464,1.1863482481606704e-07,1893.9411670143777,1.0013070201647407,0.4978117637298082
0.0005317871603181142,1777.2747876801684,2.7193929421418246e-07,1707.0973253485304,1.5186216546070654,0.4995488941444485
0.005176849896763284,1808.428395036405,1.3197271712839502e-07,1956.3160738397507,1.000876079189836,0.4408705049900692
0.0003505087515326538,1776.0562453833584,4.5612299664519844e-07,1703.2520096549222,1.9622178217140673,0.4972218436391502
0.0003472556847848002,1776.3383141532943,4.886831715364941e-07,1895.6437905661478,2.0265961766999863,0.4950111260881585
0.00040143365483825266,1776.2606706556146,3.410105701598708e-07,1698.950248474767,1.6961439941837246,0.49692670160303576
0.0013116041610440415,1782.9012753145876,1.641664857286996e-07,1981.9578698264575,1.175031137349566,0.49536819964151296
0.0019544393740984125,1787.295803512032,1.402834012023493e-07,1975.216449514124,1.0877414566209453,0.4967963426416177
0.003380204715346807,1796.7675448586972,1.3716168294158552e-07,1877.9578889337897,1.0502253672117716,0.47221546441619505
0.0004964690131943505,1777.0012695442588,2.48332817865966e-07,1976.669397888187,1.4473106022199493,0.49684766391099305
0.0009215839837909254,1780.1553168206206,1.9299718760972775e-07,1930.5063388977044,1.2739828094662493,0.4953239344918511
0.0020834329304374845,1788.1652424784327,1.412399306049135e-07,1895.6437905661478,1.0931532520573877,0.498369127248045
0.0003510349089509784,1776.046360297805,3.9572432106805195e-07,1945.8732895760884,1.8272725645479309,0.49699194540938924
0.00034725203602809483,1776.321727133319,7.345401139072028e-07,1838.3377332576708,2.344725859029122,0.43295146119741756
0.0007311501479378274,1778.7736009073974,2.0894257582944183e-07,1968.015854058824,1.3245997347869984,0.4945869158521759
0.00034731049084810574,1776.385333057724,4.841081777699245e-07,1895.6437905661478,2.0265961766999863,0.49973877190225435
0.00047796450394952826,1776.8569449124568,3.627059933013216e-07,1895.6437905661478,1.6666950913720138,0.4458449656530392
0.0004573064738707822,1776.6951824245648,2.8274496094101093e-07,1819.772235805818,1.5460408527490008,0.49795597071462655
0.0017935198197255434,1786.2062557850913,1.4766563628172625e-07,1956.4271030514412,1.114414733056232,0.49536819964151296
0.0018328590431716694,1786.4731537926577,1.8198296261163332e-07,1976.3858107280594,1.193891974358269,0.45813695988846453
0.0028749246413746913,1793.4404958348734,1.55223554168813e-07,1543.4356840164476,1.1425740387969392,0.49536451810404514
0.0007432653629655963,1778.8626835705238,2.9032493910773925e-07,1369.6804484427073,1.5682613296950623,0.49900159862336735
0.0003498071380928362,1776.9037988393388,5.830414051336156e-07,1915.9598245108875,2.2129709910147835,0.49471451864687777
0.0008467148425969491,1779.6164229041199,1.9609633985633104e-07,1970.6530977580376,1.283566781783899,0.4948487719145084
0.00034975678940711455,1776.8957750070422,6.448040235723608e-07,1747.7545843925361,2.3230372691369467,0.4928875791400789
0.00034832608262874335,1776.1345939892508,5.080384546492784e-07,1673.684673523762,2.060773502171524,0.4922792331958688
0.008102780110123992,1827.04042604316,1.1863018540485918e-07,1224.5522281099982,1.0004408774144873,0.49696151020548085
0.0014456757307826785,1783.8282908547758,1.6683448902963347e-07,1975.179155233889,1.175031137349566,0.48716701714597216
0.0003520660038350867,1776.0317452273596,3.992134493770251e-07,1895.6437905661478,1.835222038190268,0.4969434634755383
0.0031073930055727796,1794.9744810061475,1.1847345398518176e-07,1926.2166132824673,1.000876079189836,0.4980629031501206
0.00035061605193461524,1776.0540647173877,4.1642025783873525e-07,1900.2855197632623,1.8685336668840578,0.4938038262698924
0.002884452830538167,1793.5034879044076,1.2580988735250856e-07,1901.636945361688,1.0286426120355607,0.49536819964151296
0.0026451886000996806,1791.9183804498336,1.5679099139530473e-07,1955.3861709866258,1.110651051917837,0.4605456424409541
0.0003472949154660439,1776.2764117939962,4.870286943879088e-07,1820.5984766605825,2.0287962762214313,0.4978117637298082
0.0003473859563457214,1776.420179189755,5.193970837552326e-07,1874.9725396313008,2.0833154180050153,0.4920998806488696
0.0003580524399576364,1776.0055433648781,3.9261616821927354e-07,1764.874409095381,1.8253729284484708,0.4999034789033779
0.00035465903791272445,1776.0120002784304,3.996700867234916e-07,1880.279787773838,1.8277476407269797,0.49224051515892325
0.001471899700254151,1784.0088448363879,1.5777872331814404e-07,1975.179155233889,1.1518476638268766,0.4952838403494816
0.0005697521272421874,1777.5658220499324,2.559122034027478e-07,1746.178122225023,1.473620521363137,0.49984048130105274
0.0003472760636854643,1776.362265705178,4.923600799926262e-07,1874.9725396313008,2.0386700690067903,0.49722021970226654
0.000409069882834237,1776.3187867495037,3.0815191251613896e-07,1818.5509559988557,1.6160065857722323,0.49919635779080784
0.0005567807663098274,1777.4667272773816,2.4732757293226014e-07,1914.1097989942161,1.4377760368157029,0.49221611082108213
