Distance (mm),T (C),P (atm),H2,O2,H2O,CH4,CO,CO2,AR,PT(S),H(S),H2O(S),OH(S),CO(S),CO2(S),CH3(S),CH2(S),CH(S),C(S),O(S)
0.0,800.0000000000001,0.9999999999999997,0.0013646580134661673,0.000618218213547364,0.5773964787072345,0.09300183617834656,0.010246838163184823,0.27913373026321553,0.038238240461005046,0.9852079884737944,0.002000778153282363,0.0012033509475447748,0.00014546549748814397,0.009819144157452704,2.1606359158755716e-07,4.371269173942602e-08,1.1189358335048769e-10,6.101684731111171e-13,0.0016196995408613176,3.3133407922363657e-06
0.015000000000000001,800.0000000000001,1.0000000000000002,0.04726063576683526,6.983497824283649e-07,0.542774057195786,0.07767775225962345,0.014724850563635967,0.2802924959832905,0.03726950988104636,0.9623232978943236,0.01171230867842102,0.001104893987118057,8.295066041282868e-06,0.013591328052491839,2.108885303991098e-07,7.193049550234569e-09,6.579165153059542e-11,1.0667910972181814e-11,0.011259636245861751,2.191770545102997e-08
0.030000000000000002,800.0000000000001,0.9999999999999996,0.07422780648457403,8.173804636900514e-10,0.5221819817592597,0.06869529756712552,0.017891196502637995,0.2803136976945001,0.03669001917452235,0.9575833255459933,0.014617901361113874,0.0010577404527534276,6.71970697021228e-06,0.016270511791789122,2.098507240113133e-07,1.0259941213878911e-08,9.105496357255494e-11,1.242883554365499e-11,0.010463566561484684,1.4365748088192753e-08
0.045000000000000005,800.0000000000001,0.9999999999999999,0.09227650029246895,9.75901874565804e-13,0.5084500403943045,0.06261260168411753,0.02024896493404729,0.28011430548557653,0.036297587208509195,0.9555649874011003,0.016266137602548532,0.0010277541573228063,6.033735003353615e-06,0.018242335629313676,2.0925322045780038e-07,1.1291751507695446e-08,9.425588847287997e-11,1.1778196728801251e-11,0.008892519067984196,1.1755722567547286e-08
0.060000000000000005,800.0000000000001,0.9999999999999999,0.10544169891554506,1.1810292037042683e-15,0.49846837032185354,0.05812672054569752,0.022133173999570547,0.2798218606951569,0.03600817552217499,0.9542377757604561,0.017364978701822267,0.0010061783756683345,5.622291591903365e-06,0.01979788397174648,2.087409974167212e-07,1.139538322412482e-08,9.078401789647637e-11,1.0743528771878521e-11,0.007587330304828176,1.0355979367838111e-08
0.07500000000000001,800.0000000000001,1.0,0.11562077944740605,1.44589028550851e-18,0.4907764703808528,0.054622056992289975,0.023711674404984163,0.2794869505790121,0.03578206819545491,0.9531689841177721,0.01816548334916699,0.0009895424492942287,5.3392997367994565e-06,0.02108542262982534,2.0825555387284318e-07,1.1142691829130597e-08,8.569056232467271e-11,9.765319814182461e-12,0.006584999201267642,9.45923603252623e-09
0.09000000000000001,800.0000000000001,1.0000000000000004,0.12382721612734614,3.452136967978224e-21,0.4845941302560513,0.05176992093936846,0.02507369416368343,0.27913697909569074,0.035598059417859935,0.9522381390201932,0.018783390117959983,0.0009761229709166062,5.128541366854644e-06,0.02218444967046636,2.0779029848535748e-07,1.0764938503236408e-08,8.0528298088485e-11,8.921964883165934e-12,0.005812542210196548,8.824214073257544e-09
0.10500000000000001,800.0000000000001,0.9999999999999996,0.13065296702439308,1.5000893125421567e-21,0.4794657544945576,0.049378165063941645,0.026271898459361776,0.27878746237062185,0.03544375258712413,0.9514022712795801,0.019280290502087544,0.0009649450923721644,4.963212774185095e-06,0.023142067602232468,2.0734702620899686e-07,1.0354975610333788e-08,7.574913818222931e-11,8.208548644745835e-12,0.005205236180213929,8.344781123386136e-09
0.12000000000000001,800.0000000000001,1.0000000000000002,0.13646793497699805,1.3672716592587493e-21,0.47510694075008636,0.04732631141231159,0.027340568569265845,0.27844686935876073,0.03531137493257731,0.9506412023512159,0.01969223255553596,0.0009554079307896479,4.828696220777222e-06,0.023988904237878535,2.0692739557975235e-07,9.950418036151827e-09,7.145056070889978e-11,7.604103817455361e-12,0.004717199305108095,7.966383213441327e-09
0.135,800.0000000000001,1.0,0.14151589369042566,1.2652501723164914e-21,0.4713305740063161,0.04553452273379191,0.028303771876264372,0.2781194620299169,0.035195775663284946,0.9499427387645347,0.020041830165443114,0.0009471175417730606,4.716245316978672e-06,0.02474635752315914,2.0653174941100876e-07,9.565996869488275e-09,6.761590176961898e-11,7.087885079017537e-12,0.0043170159294697846,7.65785311761467e-09
0.15000000000000002,800.0000000000001,0.9999999999999997,0.14596458347012742,1.183057430556088e-21,0.46800816749518276,0.04394748719066807,0.02917933036586729,0.2778070452064662,0.035093386271688315,0.949298128619372,0.020344049942619007,0.0009398031650144658,4.620258691532583e-06,0.025430160539333703,2.0615939875841075e-07,9.20663243980652e-09,6.419555395355921e-11,6.642724154277624e-12,0.003983014638132485,7.399967337713753e-09
0.165,800.0000000000001,0.9999999999999999,0.14993363328751053,1.1152106482658293e-21,0.46504829405744286,0.04252546592914208,0.02998093252291076,0.277510031238464,0.035001642964529775,0.9487004821066481,0.020609231282887365,0.000933271551471629,4.5369576177833655e-06,0.02605230073428999,2.0580905615087394e-07,8.872981189491003e-09,6.113494902600766e-11,6.255099844472086e-12,0.0036999554374992725,7.180158984724386e-09
0.18000000000000002,800.0000000000001,0.9999999999999997,0.15351097207561423,1.0581026221945677e-21,0.4623839066225399,0.041239034476156095,0.030719363770993324,0.2772280756678876,0.03491864738680894,0.9481441315066745,0.020844773096711747,0.0009273804273296915,4.463685999120754e-06,0.02662214679312625,2.0547915998208952e-07,8.563888514334114e-09,5.838378859288115e-11,5.91449181378188e-12,0.0034568833929843473,6.9898283728109115e-09
0.195,800.0000000000001,1.0,0.15676291044897853,1.009258292762961e-21,0.4599645533412118,0.04006584639375134,0.031403282190520986,0.27696044979226087,0.03484295783327661,0.9476243167378365,0.021056128446086737,0.0009220222862827138,4.398513639000956e-06,0.02714716108244151,2.0516807706513727e-07,8.277504102759588e-09,5.589848790393201e-11,5.612700081413235e-12,0.00324575260375324,6.822869368500099e-09
0.21000000000000002,800.0000000000001,0.9999999999999997,0.1597405727754393,9.669205032067085e-22,0.4577514163415064,0.0389885607069194,0.03203973958760772,0.2767062550575592,0.03477345553096795,0.9471369966277549,0.02124741804619355,0.0009171140736176009,4.339998693928313e-06,0.02763337739980191,2.0487421672473608e-07,8.011793791666628e-09,5.3642196431998445e-11,5.3432857098963916e-12,0.0030605342341319688,6.674812428038939e-09
0.225,800.0000000000001,0.9999999999999997,0.16248413666260625,9.298054406021372e-22,0.45571404664745524,0.03799346889028332,0.03263454824596885,0.2764645434948307,0.03470925605885566,0.946678716989185,0.021421823290332348,0.0009125903898163511,4.2870388829732095e-06,0.028085735612427373,2.0459608857734024e-07,7.764770328835012e-09,5.158403699682802e-11,5.101143800792017e-12,0.002896627719512211,6.542301427538534e-09
0.24000000000000002,800.0000000000001,1.0,0.16502570849873233,8.969525013565532e-22,0.45382815342116967,0.03706955811039345,0.033192548064571316,0.2762343829938912,0.034649648911242004,0.9462465097426782,0.021581846384604822,0.0009083988774667199,4.238774702968425e-06,0.028508323782305073,2.043323268772965e-07,7.534590391858564e-09,4.969817997693733e-11,4.882185354171311e-12,0.002750464093985253,6.422761028618087e-09
0.255,800.0000000000001,0.9999999999999999,0.16739132347633523,8.67627472101924e-22,0.4520740692360545,0.03620785563150378,0.03371780591876211,0.27601489053448836,0.03459405520285609,0.9458378124064731,0.02172948746100139,0.0009044970085771873,4.1945244291340275e-06,0.02890455753473785,2.0408169605735207e-07,7.319587645468622e-09,4.796297383103613e-11,4.683101565461841e-12,0.0026192332966743044,6.314177796478016e-09
0.27,800.0000000000001,0.9999999999999999,0.1696023688653473,8.412590982936686e-22,0.45043565991661855,0.03540095935131781,0.03421376740578211,0.2758052470825731,0.03454199737836118,0.9454504024564201,0.021866368244643216,0.0009008497943506654,4.15373923101387e-06,0.029277315544616156,2.038430862950107e-07,7.118275545176323e-09,4.6360197116000144e-11,4.501188592120431e-12,0.002500692993563764,6.214951820102756e-09
0.285,800.0000000000001,1.0000000000000004,0.1716766167200245,8.173957998870561e-22,0.44889953507750435,0.03464269510426714,0.03468337379861299,0.27560470219506167,0.03449307710452938,0.94508234352906,0.021993820287765125,0.0008974281206556897,4.1159714431680385e-06,0.029629043219609127,2.036155043102024e-07,6.929336687305774e-09,4.487444012473575e-11,4.334216455086662e-12,0.00239303215362403,6.123793544979489e-09
0.30000000000000004,800.0000000000001,0.9999999999999999,0.17362898741577287,7.9567557530790625e-22,0.4474544654143629,0.03392786182765801,0.03512915345221662,0.2754125730614929,0.03444695882849661,0.9447319410160981,0.022112949208713695,0.0008942075149789753,4.080851647082325e-06,0.02996183317172736,2.0339806229425265e-07,6.751606808717916e-09,4.3492601595025335e-11,4.180330006757349e-12,0.002294771999841559,6.039650381922881e-09
0.315,800.0000000000001,1.0000000000000002,0.17547212304194862,7.758046036804889e-22,0.4460909458664526,0.03325203916865916,0.035553293845111175,0.2752282407114855,0.03440335736634291,0.9443977054023436,0.02222468226917643,0.0008911672188839933,4.048071815342857e-06,0.030277488247583494,2.0318996658121004e-07,6.584057558703146e-09,4.220348250479267e-11,4.0379734613750166e-12,0.0022046930082774245,5.961653468111106e-09
0.33,800.0000000000001,1.0,0.17721682468483066,7.575417348129959e-22,0.4448008629726685,0.03261144003304981,0.03595769897407123,0.2750511449450434,0.034362028390336405,0.9440783218502264,0.0223298041927687,0.000888289479396904,4.017372701474701e-06,0.0305775714455616,2.0299050685121179e-07,6.425779868731235e-09,4.099745833083139e-11,3.905832280821945e-12,0.0021217803090758775,5.889078343574687e-09
0.345,800.0000000000001,0.9999999999999999,0.17887239041316377,7.406870533158279e-22,0.443577238099331,0.032002796101422856,0.036344035468273236,0.27488077887776596,0.03432276104004317,0.9437726248870044,0.022428984521499645,0.000885559000346239,3.988534264394698e-06,0.03086344580111105,2.0279904624934866e-07,6.275968750949583e-09,3.986621429675457e-11,3.782788003597227e-12,0.0020451823157946252,5.821315440878207e-09
0.36000000000000004,800.0000000000001,1.0,0.18044687919900265,7.250735003653053e-22,0.44241402727209445,0.03142326807085067,0.03671376975203585,0.27471668357112944,0.03428537213488693,0.9434795774026054,0.02252279875279392,0.0008829625134898292,3.9613683096391e-06,0.031136306387249027,2.0261501257432207e-07,6.133909856355675e-09,3.8802531270226237e-11,3.667882858307987e-12,0.001974179026312293,5.757847643680865e-09
0.375,800.0000000000001,0.9999999999999999,0.1819473200559255,7.10559627059875e-22,0.4413059626711068,0.030870374254867338,0.03706819847203069,0.27455844298002735,0.03424970156604245,0.9431982529706636,0.022611744910012416,0.0008804884379884812,3.935712749558402e-06,0.03139720637849949,2.024378904789129e-07,5.998967661709459e-09,3.780011108664369e-11,3.5602917156933442e-12,0.0019081574136358005,5.6982329649184635e-09
0.39,800.0000000000001,1.0,0.18337987891036933,6.970256459432209e-22,0.440248426344134,0.030341933420430404,0.037408473385031824,0.27440567933107246,0.03421560860896203,0.9429278210521352,0.022696256642094178,0.0008781266084620568,3.9114270877233645e-06,0.03164707828754379,2.0226721465794851e-07,5.87057527921752e-09,3.685343402507492e-11,3.459299738714916e-12,0.0018465921624836081,5.642091042953175e-09
0.405,800.0000000000001,0.9999999999999996,0.18474999325268393,6.843692400797389e-22,0.43923734838300227,0.029836018518242167,0.0377356219415559,0.2742580489667205,0.034182968937795224,0.9426675344968941,0.02277671369759691,0.0008758680552338396,3.8883888248781496e-06,0.03188675145625097,2.0210256391375712e-07,5.74822565740746e-09,3.59576415869406e-11,3.36428439756707e-12,0.0017890304259955657,5.589092488922115e-09
0.42000000000000004,800.0000000000001,0.9999999999999997,0.1860624815930151,6.72501920880593e-22,0.43826912424289244,0.029350918963449154,0.03805056436562389,0.2741152386426866,0.034151672192332824,0.9424167189790518,0.022853450368344994,0.0008737048255295472,3.866490574365984e-06,0.03211696651816415,2.0194355600353906e-07,5.631464024671984e-09,3.510843975825683e-11,3.2747009057649766e-12,0.0017350796659814478,5.538950405903279e-09
0.435,800.0000000000001,0.9999999999999997,0.18732163330250262,6.613471653729606e-22,0.43734054692417856,0.02888510959348241,0.03835412796251892,0.2739769622424627,0.034121619974854744,0.94217476399251,0.02292676236287394,0.000871629836533486,3.845637723973764e-06,0.03233838746809189,2.017898431554789e-07,5.519881381031068e-09,3.430201861264462e-11,3.1900703276906636e-12,0.0016843978636364176,5.491413569010761e-09
0.45,800.0000000000001,0.9999999999999999,0.18853128276040854,6.508383276187413e-22,0.4364487510506965,0.028437224987553456,0.038647059125356355,0.27384295788231483,0.03409272419367028,0.9419411151793424,0.022996912437363456,0.0008696367540130605,3.825746528200019e-06,0.03255161175927802,2.0164110818011766e-07,5.413108910565311e-09,3.35349853051161e-11,3.1099698177122026e-12,0.0016366855863514437,5.446260900678178e-09
0.465,800.0000000000001,1.0000000000000002,0.18969487090979467,6.409169477588755e-22,0.4355911664968346,0.02800603809826656,0.038930033446165586,0.2737129853643786,0.03406490568455985,0.9417152677826195,0.023064135038823708,0.0008677198915113233,3.8067425412982564e-06,0.03275717878398442,2.0149706109702858e-07,5.310813179473184e-09,3.280430796725071e-11,3.0340245602436333e-12,0.0015916795135099567,5.403296962610563e-09
0.48000000000000004,800.0000000000001,1.0,0.19081549707440668,6.315320960850372e-22,0.4347654793379509,0.027590442226811923,0.03920366439873966,0.27358682391433625,0.03403809304775454,0.9414967609424875,0.023128640181775077,0.0008658741253134202,3.7885593141072187e-06,0.03295557712434401,2.0135743616658567e-07,5.212691957459419e-09,3.210726819795741e-11,2.96190104353679e-12,0.0015491470992208944,5.362348235102163e-09
0.495,800.0000000000001,0.9999999999999996,0.19189596232781084,6.22638087092197e-22,0.43396959920599953,0.02718943590934315,0.039468510667496126,0.2734642702172716,0.0340122216720789,0.9412851728302593,0.023190616676175835,0.0008640948232750156,3.77113731263555e-06,0.033147250663649874,2.0122198933301885e-07,5.118470641411591e-09,3.1441421115481157e-11,2.8933014618943724e-12,0.0015088821712722178,5.3232600455776585e-09
0.51,800.0000000000001,0.9999999999999997,0.19293880620921447,6.141950910558336e-22,0.433201631708647,0.02680211009611397,0.03972508241704377,0.27334513665901694,0.033987232909963916,0.9410801164429327,0.023250234843450707,0.0008623777846132432,3.754423011854863e-06,0.03333260380193565,2.010904959703711e-07,5.0278991490757875e-09,3.080456135991363e-11,2.827959006681664e-12,0.0014707012661339537,5.28589400938217e-09
0.525,800.0000000000001,1.0,0.1939463383319767,6.061666160357373e-22,0.4324598545988511,0.026427637096073653,0.03997384682969448,0.2732292497830637,0.03396307336034044,0.9408812358408972,0.023307648834503834,0.0008607191877967029,3.7383681243345908e-06,0.033512006035925454,2.0096274889067813e-07,4.9407491806780424e-09,3.0194693803222705e-11,2.7656338614674855e-12,0.0014344405461682288,5.250125869155476e-09
0.54,800.0000000000001,1.0000000000000007,0.19492066462669566,5.985214083987608e-22,0.43174269816747385,0.026065261383594007,0.04021523259935605,0.2731164489406626,0.033939694282217714,0.9406882030834993,0.023362998556671517,0.0008591155476685011,3.72292896186012e-06,0.033685795696591234,2.0083855665066005e-07,4.856811928350645e-09,2.961000910117923e-11,2.7061098683351045e-12,0.001399953243079762,5.215843705455145e-09
0.555,800.0000000000001,0.9999999999999997,0.19586371103315087,5.912305686513263e-22,0.4310487273115392,0.025714291288565595,0.040449634254775185,0.2730065850617819,0.03391705105018737,0.9405007152324855,0.023416411384382146,0.0008575636761217466,3.7080658695289957e-06,0.03385428349096705,2.0071774196828232e-07,4.775895933190375e-09,2.904886168579202e-11,2.6491915892043556e-12,0.0013671074418924655,5.18294637456554e-09
0.57,800.0000000000001,0.9999999999999997,0.19677724291461499,5.842683195556082e-22,0.4303766270609907,0.025374092172445004,0.0406774155373754,0.2728995195944426,0.03389510272013149,0.9403184920058161,0.023468003570041515,0.000856060650383632,3.6937427615280025e-06,0.0340177553000023,2.0060014040719062e-07,4.697825346307071e-09,2.850975169960959e-11,2.5947018826431914e-12,0.0013357842505830834,5.151342219700655e-09
0.585,800.0000000000001,0.9999999999999993,0.1976628824675366,5.776117140959869e-22,0.42972518947366456,0.02504408030424095,0.04089891258006299,0.2727951235430464,0.033873811631448585,0.9401412735475475,0.023517881493184702,0.0008546037842368946,3.6799267106388803e-06,0.03417647478226225,2.0048559916337022e-07,4.6224383156945385e-09,2.79913087549757e-11,2.5424797635259473e-12,0.001305876206538887,5.1209479449782774e-09
0.6000000000000001,800.0000000000001,0.9999999999999999,0.19852212356873544,5.712387966004988e-22,0.4290933025270014,0.02472371763062098,0.04111443657838332,0.2726932766234416,0.03385314307181743,0.9399688185420436,0.02356614272533921,0.0008531906036208244,3.6665875997210345e-06,0.03433068556851742,2.0037397601494689e-07,4.54958561152109e-09,2.749227811637936e-11,2.4923785858269464e-12,0.0012772859276444525,5.091687659797041e-09
0.615,800.0000000000001,0.9999999999999997,0.1993563450115478,5.651314031759422e-22,0.4284799401454046,0.02441250710970059,0.04132427625481422,0.27259386650576867,0.03383306497276411,0.9398009024601401,0.02361287697043277,0.0008518188246904784,3.6536978142189163e-06,0.034480613270711724,2.00265138368091e-07,4.479129377637822e-09,2.701150840715262e-11,2.4442644454330273e-12,0.0012499249389937464,5.06349204336437e-09
0.63,800.0000000000001,1.0000000000000002,0.2001668217727244,5.592718752574877e-22,0.4278841538521764,0.024109988723965154,0.04152869988394739,0.2724967881096517,0.03381354765753493,0.9396373161119191,0.023658166867053455,0.000850486335453031,3.641231981841601e-06,0.034626467144159005,2.001589624095935e-07,4.4109420665768785e-09,2.654794111745678e-11,2.3980148180949747e-12,0.0012237126742839456,5.0362976351724676e-09
0.645,800.0000000000001,1.0000000000000002,0.2009547353072053,5.5364439184644635e-22,0.4273050649363562,0.023815735852629784,0.04172795727254797,0.2724019430299696,0.03379456360129115,0.939477864219982,0.023702088711749034,0.0008491911785046885,3.62916673651368e-06,0.03476844169034393,2.0005533236238736e-07,4.344905450293326e-09,2.610060109136327e-11,2.353517342031036e-12,0.0011985755939446824,5.0100462011101125e-09
0.66,800.0000000000001,1.0,0.20172118228706773,5.482344974918493e-22,0.4267418579876327,0.023529352171907898,0.04192228135102567,0.27230923896752063,0.033776087234845396,0.939322364267919,0.0237447130758618,0.0008479315367870686,3.6174805193950323e-06,0.034906717958073076,1.9995413980539854e-07,4.280909781850268e-09,2.5668588428090817e-11,2.3106687798087066e-12,0.0011744464331264572,4.9846841954824704e-09
0.675,800.0000000000001,1.0000000000000004,0.2024671825456953,5.430289544033761e-22,0.42619377491585547,0.023250468843101887,0.04211188969288879,0.2722185892411602,0.03375809476129825,0.9391706453949842,0.02378610536048662,0.0008467057203916852,3.6061533992967173e-06,0.03504146477317293,1.9985528306506275e-07,4.218853020878624e-09,2.5251071147152104e-11,2.2693740894459137e-12,0.0011512635357464852,4.960162280937183e-09
0.69,800.0000000000001,1.000000000000001,0.20319368589408057,5.380156158013781e-22,0.4256601099155912,0.02297874208989101,0.04229698576775052,0.272129912329351,0.03374056400333569,0.93902254748069,0.023826326274371833,0.0008455121554516112,3.5951669192434486e-06,0.035172839760562076,1.997586666705019e-07,4.1586401689446575e-09,2.484727887552294e-11,2.2295456243210053e-12,0.0011289702811863836,4.936434916389251e-09
0.705,800.0000000000001,0.9999999999999994,0.20390157861623928,5.331833114091557e-22,0.42514020448736,0.02271385090294749,0.042477760253687546,0.27204313149049697,0.03372347424926881,0.938877920179885,0.023865432280655886,0.000844349373134017,3.5845039518391744e-06,0.03530099039331631,1.9966420085758506e-07,4.1001826286352e-09,2.44564969370499e-11,2.1911023971420486e-12,0.001107514564566008,4.9134599765043914e-09
0.7200000000000001,800.0000000000001,1.0000000000000013,0.2045916887014822,5.285216134470646e-22,0.42463344363216,0.02245549517331763,0.042654391968585115,0.27195817438669423,0.03370680613776073,0.9387366222354219,0.023903475963622484,0.0008432160012424877,3.5741485825767e-06,0.03542605475712629,1.995718011357291e-07,4.043397691882914e-09,2.4078061513255028e-11,2.1539694691407878e-12,0.0010868483613760559,4.891198438136538e-09
0.735,800.0000000000001,1.0000000000000004,0.20526479098070274,5.24021439405288e-22,0.4241392519579385,0.022203393868719765,0.04282704890329447,0.27187497275170786,0.03369054153763662,0.938598520713562,0.023940506380135153,0.0008421107555994794,3.5640859969762787e-06,0.0355481623758088,1.994813878719749e-07,3.988208024553573e-09,2.371135495958591e-11,2.118077372724831e-12,0.001066927323858322,4.869614084594802e-09
0.75,800.0000000000001,0.9999999999999999,0.2059216115493806,5.196735945766755e-22,0.42365709037849403,0.021957283458919567,0.042995889075106236,0.2717934620921633,0.03367466344593633,0.9384634903680492,0.023976569363747206,0.0008410324327434597,3.554302383584373e-06,0.03566743489872861,1.9939288592777993e-07,3.934541229213886e-09,2.3355801795377567e-11,2.0833616148180523e-12,0.0010477104328081607,4.848673250025753e-09
0.765,800.0000000000001,1.0000000000000002,0.20656283152799892,5.154700863208982e-22,0.4231864533488413,0.021716916576166003,0.043161061219392276,0.27171358142245244,0.03365915590514906,0.9383314131242428,0.024011707785525062,0.0008399799038179407,3.5447848511282536e-06,0.035783986664774906,1.9930622434692317e-07,3.882329468518992e-09,2.301086522894467e-11,2.0497622454256282e-12,0.0010291596948291618,4.8283445994632525e-09
0.78,800.0000000000001,1.0,0.20718909099920058,5.114033721934048e-22,0.42272686585242863,0.02148206061176312,0.043322705628929786,0.2716352730002648,0.03364400390741293,0.9382021774509403,0.024045961817748235,0.0008389521078843728,3.535521344277762e-06,0.035897925362944984,1.9922133602091098e-07,3.831509066177895e-09,2.2676043653068787e-11,2.01722343518967e-12,0.0010112398530018757,4.808598912423091e-09
0.795,800.0000000000001,0.9999999999999999,0.2078009920086861,5.074664167154586e-22,0.4222778812061671,0.02125249664616094,0.04348095469579771,0.27155848211395056,0.033629193329237674,0.9380756779508354,0.024079369141439114,0.0008379480470696947,3.5265005781702267e-06,0.036009352475271615,1.991381574394559e-07,3.782020211126427e-09,2.2350867920411447e-11,1.985693137884144e-12,0.0009939181508841844,4.7894089094349176e-09
0.81,800.0000000000001,1.000000000000005,0.20839910153429816,5.036527879465335e-22,0.4218390788381184,0.021028018388507527,0.04363593351064522,0.2714831568670372,0.033614710861393476,0.9379518149098883,0.024111965147122494,0.0008369667816358843,3.517711974771612e-06,0.03611836375439591,1.9905662843083718e-07,3.733806653335846e-09,2.203489865413196e-11,1.955122765393834e-12,0.0009771641098105044,4.770749087103326e-09
0.825,800.0000000000001,0.9999999999999999,0.20898395430620403,4.999563251280377e-22,0.42141006215956117,0.02080843116784567,0.04378776044580433,0.27140924797652644,0.0336005439440582,0.9378304938555052,0.02414378312317071,0.0008360074252567608,3.5091456034357188e-06,0.03622504968401238,1.989766919148086e-07,3.6868154198331438e-09,2.172772376902678e-11,1.925466890508132e-12,0.0009609493266975905,4.75259556560006e-09
0.8400000000000001,800.0000000000001,0.9999999999999999,0.20955605489125492,4.963713911779992e-22,0.42099045704358373,0.02059355119105452,0.04393654752310151,0.2713367086311086,0.03358668071989668,0.9377116252764881,0.024174854400674944,0.0008350691416534682,3.5007921351991586e-06,0.036329495782628944,1.9889829373423838e-07,3.640996605173171e-09,2.1428956546666495e-11,1.8966830094033953e-12,0.0009452473088795768,4.734925967481565e-09
0.8550000000000001,800.0000000000001,0.9999999999999999,0.21011588013175717,4.928926926908873e-22,0.42057990998152006,0.02038320466746427,0.04408240094200798,0.2712654943008309,0.03357310997641944,0.9375951242228924,0.02420520851398823,0.0008341511404925892,3.4926427922806174e-06,0.036431783016118914,1.9882138242618562e-07,3.5963031187991053e-09,2.1138233490995152e-11,1.868731289296104e-12,0.0009300333053046685,4.717719289874925e-09
0.87,800.0000000000001,0.9999999999999997,0.2106638810724711,4.895152782764103e-22,0.4201780866485453,0.020177227120503714,0.04422542145561894,0.2711955626009178,0.033559821101943096,0.937480910017579,0.024234873330720743,0.0008332526742044846,3.4846893072650643e-06,0.03653198809896572,1.9874590905675596e-07,3.552690493221084e-09,2.0855212632037082e-11,1.841574363839565e-12,0.0009152841669722915,4.700955798928753e-09
0.885,800.0000000000001,0.9999999999999999,0.21120048468937339,4.862345147753309e-22,0.41978467063245845,0.019975462767682754,0.044365704704786076,0.271126873159081,0.033546804046618396,0.9373689060005099,0.02426387516849351,0.0008323730351617152,3.476923886589897e-06,0.03663018376278483,1.9867182706581928e-07,3.5101167058464444e-09,2.0579571965609174e-11,1.8151771461865345e-12,0.0009009782202097402,4.684616935289951e-09
0.9,800.0000000000001,0.9999999999999997,0.21172609569236084,4.830460446148913e-22,0.4193993620716797,0.019777763872644526,0.04450334160698101,0.2710593874771448,0.033534049279189196,0.9372590392314767,0.02429223891319155,0.0008315115526472996,3.4693391735037683e-06,0.03672643906011009,1.9859909209911986e-07,3.468541994151242e-09,2.0311007892057366e-11,1.7895066460680882e-12,0.0008870951449834522,4.668685220727836e-09
0.915,800.0000000000001,0.9999999999999997,0.21224109802427193,4.799457964552438e-22,0.41902187652453105,0.01958399021173517,0.044638418660434984,0.27099306882672813,0.03352154775229871,0.9371512402555063,0.02431998811882763,0.0008306675903436007,3.4619282167405932e-06,0.03682081960577028,1.9852766187891268e-07,3.427928705557407e-09,2.0049233915768633e-11,1.7645318151170492e-12,0.0008736158707886071,4.65314417819098e-09
0.93,800.0000000000001,1.0,0.21274585609435473,4.769299325873212e-22,0.41865194409376905,0.019394008628076713,0.0447710181625607,0.27092788214535946,0.03350929087587938,0.9370454429332774,0.024347145091509682,0.0008298405443903267,3.4546844446835633e-06,0.036913387755773165,1.9845749608893313e-07,3.3882411689808646e-09,1.9793979517898754e-11,1.7402234118668047e-12,0.0008605224853571168,4.637978264283998e-09
0.945,800.0000000000001,1.0000000000000013,0.21324071624791602,4.739948455192175e-22,0.41828930829066435,0.019207692504016997,0.04490121855013613,0.2708637939262665,0.03349727048099986,0.9369415841808644,0.024373730984067657,0.0008290298408506991,3.4476016356036096e-06,0.037004202869215734,1.9838855623584126e-07,3.3494455432853093e-09,1.9544988910007324e-11,1.7165538584034155e-12,0.0008477981409314488,4.623172795750302e-09
0.9600000000000001,800.0000000000001,0.9999999999999996,0.2137260079456315,4.7113713772126e-22,0.417933725155783,0.019024921338952,0.045029094637951295,0.27080077212905096,0.03348547879263139,0.9368396037837621,0.02439976587379484,0.0008282349337570633,3.440673893586289e-06,0.03709332149684449,1.9832080554188673e-07,3.311509700101285e-09,1.93020200345963e-11,1.6934971227509134e-12,0.000835426975925043,4.608713888473138e-09
0.9750000000000001,800.0000000000001,1.0000000000000002,0.21420204462082545,4.683536076931225e-22,0.4175849626679889,0.018845580439210346,0.04515471775492464,0.2707387861050655,0.03347390841198501,0.936739444289345,0.024425268821818207,0.0008274553038010987,3.4338956303960217e-06,0.03718079749621995,1.9825420886512664e-07,3.274403133508238e-09,1.9064843761451013e-11,1.6710286220315018e-12,0.0008233940492517299,4.594588409413425e-09
0.99,800.0000000000001,0.9999999999999999,0.2146691248994115,4.656412343553317e-22,0.4172427997852874,0.01866956048090365,0.04527815604026515,0.27067780650822504,0.03346255228590723,0.9366410507800588,0.024450257950275042,0.0008266904561923962,3.4272615412211407e-06,0.037266682257083246,1.9818873258397811e-07,3.2380968336559116e-09,1.883324287434733e-11,1.649125108004738e-12,0.0008116852667572314,4.580783917775425e-09
1.0050000000000001,800.0000000000001,0.9999999999999999,0.2151275334927113,4.629971643899926e-22,0.4169070257887235,0.01849675718782743,0.045399474621939835,0.2706178052224197,0.033451403686378355,0.9365443707331416,0.0244747505011217,0.0008259399191978008,3.420766586579047e-06,0.03735102484276843,1.9812434451238446e-07,3.202563198373523e-09,1.8607011319592187e-11,1.627764578921504e-12,0.0008002873227573375,4.567288619174887e-09
1.02,800.0000000000001,1.0000000000000002,0.2155775419535873,4.604187011116665e-22,0.4165774397405863,0.01832707105948989,0.045518735753807736,0.2705587552983818,0.03344045619414685,0.9364493539124059,0.02449876288678637,0.0008252032429383972,3.4144059768681736e-06,0.037433872101515456,1.980610138288232e-07,3.1677759543315006e-09,1.83859535323732e-11,1.6069262003608102e-12,0.0007891876475068693,4.554091325895575e-09
1.0350000000000001,800.0000000000001,0.9999999999999997,0.21601940950357926,4.57903259885448e-22,0.41625384985893754,0.0181604070723835,0.04563599899900605,0.27050063088718557,0.033429703678908185,0.9363559522261917,0.024522310743560396,0.0008244799979935641,3.4081751557966904e-06,0.03751526880880499,1.97998710995864e-07,3.1337100708265644e-09,1.8169883731666336e-11,1.5865902246293802e-12,0.0007783743549390772,4.541181415857208e-09
1.05,800.0000000000001,0.9999999999999999,0.216453383810761,4.554485368823169e-22,0.41593607293086166,0.017996674399951243,0.04575132140053023,0.2704434071772328,0.03341914028066304,0.9362641195941557,0.024545408981573164,0.0008237697740921711,3.4020697849780296e-06,0.03759525779951679,1.9793740768427917e-07,3.1003416812705268e-09,1.7958625277958764e-11,1.5667379173228174e-12,0.0007678361950565043,4.528548794565147e-09
1.065,800.0000000000001,0.9999999999999997,0.21687970159661024,4.530521357922563e-22,0.41562393387161123,0.017835786194114432,0.04586475759554099,0.2703870603456484,0.03340876039647463,0.9361738118565429,0.024568071825057325,0.0008230721791324885,3.3960857316385167e-06,0.03767388005987822,1.9787707671678297e-07,3.0676480209529275e-09,1.7752010146683463e-11,1.547351495883707e-12,0.0007575625134527697,4.516183863815806e-09
1.08,800.0000000000001,0.9999999999999997,0.21729858934500162,4.507118710248452e-22,0.4153172651828948,0.017677659329430356,0.045976359979904,0.27033156749986703,0.033398558662902235,0.9360849866464215,0.02459031285723542,0.0008223868379718407,3.3902190547545798e-06,0.037751174853388976,1.9781769199690203e-07,3.0356073541887947e-09,1.754987834604017e-11,1.528414064104445e-12,0.0007475432094758357,4.50407748797372e-09
1.095,800.0000000000001,0.9999999999999999,0.2177102637652027,4.484257529785596e-22,0.4150159066327605,0.017522214235064067,0.04608617878282588,0.27027690663728154,0.033388529946865336,0.9359976033289229,0.024612145051760417,0.0008217133917159791,3.3844659955965157e-06,0.03782717978337702,1.977592284652907e-07,3.004198926469438e-09,1.7352077502997487e-11,1.5099095632171946e-12,0.0007377687037207472,4.492220969335737e-09
1.11,800.0000000000001,1.0,0.21811493247718863,4.461917971170026e-22,0.4147197047138434,0.017369374649345813,0.04619426223979298,0.2702230565920352,0.03337866932779393,0.9359116228677347,0.024633580815122392,0.0008210514965073582,3.3788229645233554e-06,0.03790193092303024,1.9770166203140472e-07,2.973402894501209e-09,1.715846231913049e-11,1.4918227118230861e-12,0.0007282299003221039,4.48060601680139e-09
1.1250000000000002,800.0000000000001,1.0,0.21851279438112112,4.440081434197148e-22,0.414428512414338,0.017219067481281495,0.04630065664032554,0.2701699969918066,0.03336897209112726,0.9358270077844253,0.024654632012161004,0.0008204008230158545,3.3732865335812485e-06,0.037975462857757235,1.9764496953213957e-07,2.943200287894264e-09,1.6968894234770878e-11,1.474138965930007e-12,0.0007189181602712007,4.4692247260820336e-09
1.14,800.0000000000001,1.0,0.21890404026909943,4.418730221729803e-22,0.41414218869888486,0.017071222597379296,0.04640540649538386,0.270117708227994,0.0333594337112585,0.9357437220299472,0.02467531000352213,0.0008197610552795181,3.3678534244777507e-06,0.03804780880989463,1.9758912868185302e-07,2.9135729476739255e-09,1.678324095430707e-11,1.4568444668688883e-12,0.0007098252689227268,4.458069551743394e-09
1.155,800.0000000000001,1.0000000000000002,0.21928885313000576,4.397847492829171e-22,0.4138605983419273,0.01692577270463626,0.04650855456559488,0.2700661714108991,0.03335004984693659,0.9356617309585789,0.024695625666957762,0.000819131890334398,3.362520502685938e-06,0.03811900066625411,1.975341180330618e-07,2.8845034941646035e-09,1.6601376164010492e-11,1.439926007696806e-12,0.000700943413578287,4.447133291027596e-09
1.17,800.0000000000001,1.0,0.21966740863405812,4.377417205833899e-22,0.4135836115362372,0.01678265317861763,0.04661014198466032,0.2700153683370298,0.03334081632939692,0.9355810012325267,0.024715589427379947,0.0008185130373396764,3.357284767995763e-06,0.03818906907111482,1.9747991693147528e-07,2.8559752770575663e-09,1.6423179143855917e-11,1.423370990425249e-12,0.000692265156724632,4.436409061505075e-09
1.185,800.0000000000001,1.0,0.22003987554915563,4.35742406857193e-22,0.4133111035860014,0.016641801911140907,0.046710208353209076,0.2699652814495564,0.0333317291509366,0.9355015007477867,0.024735211283053504,0.0008179042168901001,3.352143346594683e-06,0.03825804349812127,1.9742650547056703e-07,2.8279723340124322e-09,1.6248534439183887e-11,1.4071673893186744e-12,0.0006837834127808579,4.425890281848082e-09
1.2000000000000002,800.0000000000001,0.9999999999999994,0.22040641601126504,4.337853499199919e-22,0.4130429547152424,0.0165031592137689,0.04680879177961738,0.26991589381930947,0.033322784460797054,0.9354231985999086,0.024754500823911074,0.0008173051605926304,3.3470934856003415e-06,0.03832595228504654,1.973738644696219e-07,2.800479362608935e-09,1.607733162088397e-11,1.3913037228486941e-12,0.0006754914296756146,4.415570657671621e-09
1.2149999999999999,800.0000000000001,0.9999999999999997,0.22076718597671335,4.318691577031821e-22,0.41277904968321655,0.016366667659410306,0.04690592900767927,0.26986718912081026,0.03331397855217037,0.9353460649859132,0.02477346725884989,0.0008167156102062752,3.3421325443294607e-06,0.0383928227281393,1.9732197543477228e-07,2.7734816753016557e-09,1.5909464944224243e-11,1.3757690167976398e-12,0.0006673827661627012,4.4054441615263e-09
1.23,800.0000000000001,0.9999999999999996,0.221122335279929,4.299925022854426e-22,0.41251927791600895,0.016232272036164362,0.04700165534689192,0.2698191515543907,0.033305307866615175,0.9352700712513285,0.024792119422816544,0.0008161353179310034,3.33725799384471e-06,0.0384586810397218,1.97270820511204e-07,2.7469651873437563e-09,1.5744833219704625e-11,1.3605527873587029e-12,0.0006594512798137359,4.395505028161242e-09
1.245,800.0000000000001,1.0000000000000002,0.22147200824395005,4.281541138997855e-22,0.4122635328001812,0.016099919163700238,0.04709600491944405,0.2697717659008811,0.033296768971843436,0.9351951897058035,0.024810465811244846,0.000815564044837347,3.3324674039846727e-06,0.038523552524145764,1.9722038248365385e-07,2.720916361910105e-09,1.5583339417188495e-11,1.3456449999352388e-12,0.0006516911025892049,4.385747727801973e-09
1.26,800.0000000000001,1.0000000000000007,0.22181634386940002,4.263527785099889e-22,0.41201171169526835,0.015969557799346674,0.04718901064124653,0.2697250174331926,0.03328835856154591,0.9351213936313356,0.024828514593431664,0.0008150015608875235,3.327758441022724e-06,0.03858746156954983,1.9717064471282978e-07,2.6953221892363255e-09,1.5424890490229468e-11,1.331036048685792e-12,0.0006440966274649639,4.376166958137758e-09
1.2750000000000001,800.0000000000001,1.0,0.22215547600077645,4.245873351428355e-22,0.4117637157810407,0.015841138586103157,0.04728070425601014,0.26967889192501654,0.033280073451053035,0.9350486572549385,0.024846273624023543,0.0008144476445991081,3.323128863784736e-06,0.03865043167613032,1.971215911354081e-07,2.6701701689697468e-09,1.5269397221155694e-11,1.3167167382178952e-12,0.0006366624963406843,4.3667576346024895e-09
1.29,800.0000000000001,1.0000000000000004,0.22248953362654678,4.22856672709633e-22,0.4115194498432368,0.015714613940658324,0.04737111640409705,0.2696333756145122,0.03327191057094901,0.9349769556944927,0.02486375046136561,0.0008139020825642814,3.3185765182802515e-06,0.038712485508030005,1.9707320622551616e-07,2.64544827844533e-09,1.511677398289996e-11,1.302678258007625e-12,0.0006293835844413723,4.357514877614762e-09
1.305,800.0000000000001,0.9999999999999999,0.22281864113306774,4.2115971585569514e-22,0.4112788220616808,0.015589937964134156,0.04746027668984291,0.26958845519166535,0.033263866959609034,0.9349062649060826,0.02488095238314232,0.0008133646689757437,3.3140993327221865e-06,0.038773644943865856,1.970254749738716e-07,2.621144948486549e-09,1.496693855007753e-11,1.2889121615552443e-12,0.0006222549872920226,4.348434000951388e-09
1.32,800.0000000000001,0.9999999999999999,0.22314291842816047,4.1949547926033216e-22,0.41104174395387405,0.015467066394607,0.04754821368421141,0.26954411777699117,0.033255939762155864,0.9348365616790535,0.024897886395303218,0.0008128352055023013,3.309695315199463e-06,0.038833931082472746,1.9697838287065594e-07,2.597249049350349e-09,1.4819811975851898e-11,1.2754103518291356e-12,0.0006152720111160065,4.339510505101718e-09
1.335,800.0000000000001,1.0,0.22346248131686436,4.178629517812266e-22,0.41080813004237343,0.015345956472270179,0.04763495505063689,0.2695003508990332,0.03324812621882187,0.9347678235407433,0.02491455925354935,0.0008123135005400899,3.3053625466702415e-06,0.03889336433316234,1.9693191586856594e-07,2.573749854113971e-09,1.4675318331867543e-11,1.262165054468433e-12,0.0006084301571165363,4.3307400621293066e-09
1.35,800.0000000000001,0.9999999999999999,0.2237774415152182,4.162612077202245e-22,0.410577897902959,0.015226566934193225,0.0477205274965456,0.269457142483117,0.03324042366796697,0.934700028788516,0.024930977466421415,0.0008117993693281457,3.3010991807408527e-06,0.038951964385806795,1.9688606038084707e-07,2.5506370370770897e-09,1.4533384666595425e-11,1.2491688110555301e-12,0.0006017251161504863,4.322118513189936e-09
1.3650000000000002,800.0000000000001,0.9999999999999997,0.2240879069289136,4.1468934802176286e-22,0.4103509679233339,0.015108857912299774,0.04780495686633106,0.2694144808315716,0.03323282953755003,0.9346331564197866,0.02494714731150975,0.0008112926334032366,3.296903438352384e-06,0.03900975027806887,1.9684080325171324e-07,2.5279006442506916e-09,1.4393940793839215e-11,1.2364144572058301e-12,0.0005951527558202878,4.31364185687128e-09
1.38,800.0000000000001,1.0,0.22439398178624645,4.1314650973477663e-22,0.41012726321497867,0.014992790885546678,0.0478882681611356,0.2693723546096425,0.03322534134245024,0.9345671861146311,0.024963074844219692,0.0008107931204037388,3.29277360526801e-06,0.03906674041204951,1.967961317419852e-07,2.5055310807967126e-09,1.4256919187552702e-11,1.2238951104512758e-12,0.000588709112645019,4.305306242773864e-09
1.395,800.0000000000001,1.0,0.22469576683595147,4.1163186403044596e-22,0.4099067094702536,0.01487832860661177,0.04797048558374963,0.26933075282371544,0.033217956679718094,0.9345020982000734,0.024978765909753196,0.0008103006637497403,3.2887080286018502e-06,0.03912295258800931,1.9675203350528435e-07,2.4835190908321098e-09,1.4122254831719218e-11,1.2116041542457765e-12,0.0005823903823956381,4.297107963338393e-09
1.41,800.0000000000001,1.0,0.22499335956269362,4.1014461408351637e-22,0.40968923477005004,0.014765435027549706,0.04805163260360895,0.2692896648129857,0.03321067322311202,0.9344378735997787,0.024994226155754584,0.0008098151022131738,3.284705112736452e-06,0.039178404051666234,1.9670849657101335e-07,2.4618557381019564e-09,1.398988507709519e-11,1.199535222727824e-12,0.0005761929108933072,4.289043444797663e-09
1.425,800.0000000000001,0.9999999999999997,0.22528685413899419,4.086840026871215e-22,0.40947476967099344,0.014654075312787264,0.04813173190750168,0.2692490802443007,0.03320348872542273,0.9343744938688645,0.02500946103154251,0.0008093362801147029,3.2807633199697723e-06,0.039233111463025334,1.9666550934754796e-07,2.440532407184895e-09,1.3859749625831019e-11,1.1876821972656732e-12,0.0005701131909380255,4.281109246984055e-09
1.4400000000000002,800.0000000000001,0.9999999999999999,0.22557634172420835,4.0724926940185816e-22,0.4092632469531731,0.014544215731214066,0.04821080549543362,0.2692089890852632,0.03319640101070778,0.9343119411210195,0.02502447580486315,0.0008088640467564739,3.2768811653026437e-06,0.039287090964550346,1.9662306058695366e-07,2.419540774234427e-09,1.3731790330562362e-11,1.1760391863176265e-12,0.0005641478508367267,4.273302052212106e-09
1.455,800.0000000000001,1.0,0.2258619105538027,4.0583973012115555e-22,0.40905460155025275,0.014435823626636984,0.04828887469634952,0.26916938160120807,0.033189407971749865,0.9342501980147846,0.025039275567840705,0.0008083982562670398,3.2730572145977906e-06,0.039340358194226537,1.965811393795834e-07,2.3988727996721727e-09,1.3605951129290513e-11,1.1646005176766237e-12,0.000558293649268699,4.265618660669301e-09
1.47,800.0000000000001,0.9999999999999997,0.2261436460490511,4.0445469513684522e-22,0.40884877049361,0.014328867372494544,0.04836596018256763,0.2691302483339874,0.03318250756828939,0.934189247740925,0.02505386524399066,0.0008079387674752248,3.2692900827845846e-06,0.039392928297636964,1.965397351356322e-07,2.378520715534483e-09,1.3482177949318743e-11,1.1533607280915747e-12,0.0005525474689461877,4.258055985781659e-09
1.485,800.0000000000001,1.0000000000000002,0.22642163093714396,4.0309350809232576e-22,0.40864569279410085,0.014223316333406443,0.04844208200659582,0.26909158010487405,0.03317569782387884,0.9341290739939467,0.025068249595523742,0.0008074854436472361,3.2655784313577676e-06,0.03944481595525582,1.9649883758099764e-07,2.3584770142623223e-09,1.3360418620500226e-11,1.142314553794609e-12,0.0005469063107714232,4.250611048598785e-09
1.5,800.0000000000001,0.9999999999999999,0.2266959454122774,4.0175553655062737e-22,0.40844530933879936,0.014119140803666342,0.048517259636599065,0.26905336798699725,0.03316897682166082,0.9340696609435456,0.02508243323281668,0.0008070381522536248,3.261920965812723e-06,0.03949603540863727,1.9645843673088707e-07,2.33873443295365e-09,1.324062276252852e-11,1.1314569188156384e-12,0.0005413672869612817,4.243280971817889e-09
1.5150000000000001,800.0000000000001,1.0,0.2269666670792955,4.0044017167458034e-22,0.4082475629325472,0.014016312027486023,0.04859151192818332,0.2690156033254075,0.03316234270708059,0.9340109932551023,0.025096420612603865,0.0008065967650649869,3.2583164360055605e-06,0.039546600443064794,1.9641852290851827e-07,2.3192859567306538e-09,1.3122741789448208e-11,1.1207829339592593e-12,0.0005359276196170834,4.2360629797097485e-09
1.53,800.0000000000001,0.9999999999999997,0.22723387129223144,3.991468259386021e-22,0.4080523980385413,0.013914802077104283,0.048664857227011256,0.2689782776871268,0.03315579367798484,0.9339530560109635,0.02511021605634745,0.0008061611575674796,3.254763630862703e-06,0.03959652445937929,1.9637908669188132e-07,2.300124787420281e-09,1.3006728703934867e-11,1.1102878769191641e-12,0.0005305846298331352,4.228954387054658e-09
1.545,800.0000000000001,1.0,0.22749763107394255,3.9787493303923575e-22,0.407859760847393,0.01381458388105997,0.048737313328899724,0.26894138288078323,0.033149327987921404,0.9338958347389651,0.02512382374711241,0.0008057312091202666,3.251261379254747e-06,0.03964582044841266,1.9634011893383196e-07,2.281244351232552e-09,1.2892538129994577e-11,1.099967193938608e-12,0.0005253357377062883,4.221952600084203e-09
1.56,800.0000000000001,0.9999999999999997,0.22775801727163691,3.9662394660421876e-22,0.4076695991567402,0.013715631167509968,0.04880889752436164,0.268904910937872,0.03314294394187931,0.9338393153783103,0.02513724773843424,0.0008053068026846957,3.2478085473673207e-06,0.039694501023007846,1.9630161074103315e-07,2.262638282250729e-09,1.2780126199222641e-11,1.0898164884001497e-12,0.0005201784558466949,4.215055110717428e-09
1.575,800.0000000000001,1.0,0.2280150985719207,3.9539333967740674e-22,0.4074818623690525,0.01361791845912134,0.04887962658968967,0.26886885411328154,0.033136639896934265,0.9337834842848117,0.025150491956006955,0.0008048878248211435,3.2444040382674043e-06,0.03974257841346729,1.962635534752259e-07,2.2443004205949054e-09,1.2669450526959344e-11,1.07983151753913e-12,0.0005151103869974614,4.2082594950107695e-09
1.59,800.0000000000001,1.0000000000000002,0.2282689418052433,3.941826026731279e-22,0.40729650123542477,0.013521420960793694,0.04894951689481942,0.26883320485162265,0.03313041425209609,0.9337283281495667,0.025163560213920053,0.0008044741651096509,3.241046786889898e-06,0.03979006454250429,1.9622593871140353e-07,2.226224784858542e-09,1.2560470033511817e-11,1.0700081753400487e-12,0.0005101292147602938,4.201563403007498e-09
1.605,800.0000000000001,0.9999999999999999,0.22851961169900928,3.929912443178207e-22,0.4071134680785889,0.013426114652794103,0.04901858428996441,0.26879795582152816,0.0331242654581151,0.9336738340815691,0.025176456203037954,0.0008040657166586777,3.237735763779164e-06,0.03983697094934583,1.96188758279971e-07,2.2084055944231376e-09,1.2453145067803063e-11,1.060342502587016e-12,0.0005052327079878298,4.194964565147786e-09
1.62,800.0000000000001,1.0000000000000002,0.22876717119054216,3.918187896298631e-22,0.4069327165397977,0.013331976172653635,0.04908684421670263,0.2687630998725375,0.03311819200776637,0.9336199895247854,0.025189183507598287,0.0008036623755307838,3.23446997005595e-06,0.03988330886676139,1.9615200421771374e-07,2.1908372377584857e-09,1.2347437204992898e-11,1.050830667815405e-12,0.0005004187106582691,4.188460782119793e-09
1.635,800.0000000000001,0.9999999999999999,0.22901168137513322,3.9066477982859725e-22,0.4067542016250607,0.013238982835851919,0.04915431167900954,0.2687286300473872,0.03311219243755747,0.9335667822782759,0.025201745603295946,0.0008032640408485832,3.231248437980407e-06,0.03992908920256174,1.9611566878081386e-07,2.1735142787292726e-09,1.2243309274506535e-11,1.041468968889756e-12,0.0004956851420662532,4.182049925384797e-09
1.65,800.0000000000001,1.0,0.22925320163481938,3.8952877134263773e-22,0.4065778796047579,0.013147112589249835,0.049221001279076304,0.2686945395672047,0.0331062653248919,0.9335142004685388,0.02521414586452081,0.0008028706145700766,3.2280702288531558e-06,0.039974322565166934,1.9607974442807917e-07,2.1564314435259123e-09,1.2140725271445816e-11,1.0322538242299827e-12,0.0004910299919011505,4.175729932632921e-09
1.665,800.0000000000001,0.9999999999999997,0.22949178970717116,3.8841033512788785e-22,0.40640370796037595,0.013056343984531494,0.04928692723710518,0.26866082182506734,0.03310040928574889,0.933462232533947,0.025226387568460143,0.0008024820013676233,3.2249344317438147e-06,0.040019019278194526,1.9604422381282922e-07,2.139583614380932e-09,1.2039650309780591e-11,1.0231817678213592e-12,0.00048645131723581346,4.169498804890452e-09
1.6800000000000002,800.0000000000001,1.0,0.22972750168310066,3.8730905639245327e-22,0.4062316453930436,0.012966656180814263,0.04935210337774878,0.2686274703894324,0.03309462297586019,0.9334108672337069,0.02523847389565114,0.0008020981086501538,3.221840163418242e-06,0.040063189372312465,1.96009099787119e-07,2.1229658291278208e-09,1.1940050610950873e-11,1.014249447422461e-12,0.00048194724114768926,4.163354605873884e-09
1.695,800.0000000000001,0.9999999999999996,0.22996039205139213,3.8622453409816696e-22,0.4060616518029238,0.012878028925829756,0.0494165431380432,0.2685944789924977,0.03308890508931355,0.9333600936413402,0.025250407932839423,0.0008017188465145785,3.218786567572022e-06,0.04010684259169534,1.9597436539173895e-07,2.1065732752829015e-09,1.1841893460091746e-11,1.0054536199446e-12,0.00047751594996612445,4.1572954600413914e-09
1.7100000000000002,800.0000000000001,1.0,0.23019051407455507,3.851563786958348e-22,0.4058936879446064,0.012790442421205753,0.049480259710945024,0.2685618415015873,0.033083254347100334,0.9333099010370789,0.02526219269239008,0.0008013441269708419,3.2157728086549634e-06,0.04014998849245664,1.9594001381266312e-07,2.0904012590220496e-09,1.1745147011802077e-11,9.967911334296155e-13,0.00047315568382429147,4.151319540635555e-09
1.7249999999999999,800.0000000000001,1.0000000000000002,0.23041791929394276,3.841042145298555e-22,0.4057277158956961,0.012703877502391511,0.049543265829361395,0.26852955196480394,0.03307766951380432,0.9332602790664074,0.025273831088078867,0.0008009738650012745,3.2127980798052203e-06,0.040192636296881815,1.959060384474219e-07,2.07444524790214e-09,1.1649780539659589e-11,9.882589486255942e-13,0.0004688647470100036,4.14542508399783e-09
1.74,800.0000000000001,1.0000000000000002,0.23064265799388753,3.8306767712568417e-22,0.4055636986383779,0.012618315468629281,0.04960557395327059,0.26849760456325605,0.03307214938257848,0.9332112176022087,0.02528532595883604,0.000800607977614062,3.2098615952263332e-06,0.04023479502146228,1.9587243284126338e-07,2.0587008258770122e-09,1.1555764158732684e-11,9.798541136915402e-13,0.0004646414950102793,4.139610374997073e-09
1.7550000000000001,800.0000000000001,0.9999999999999994,0.23086477909728786,3.820464135344839e-22,0.40540160016480636,0.01253373812072708,0.04966719621508665,0.2684659936227709,0.033066692779321255,0.9331627067832279,0.025296680064033034,0.0008002463840825218,3.20696259182924e-06,0.04027647344059001,1.9583919070362803e-07,2.043163705710372e-09,1.1463068893800155e-11,9.715737696486306e-13,0.00046048433681785235,4.13387374965635e-09
1.77,800.0000000000001,0.9999999999999999,0.23108433020412386,3.8104008191558366e-22,0.4052413854482945,0.01245012774736838,0.04972814442865927,0.2684347136102046,0.03306129856134947,0.9331147370071726,0.025307896085886104,0.0007998890058805107,3.204100328509305e-06,0.04031768009350982,1.9580630590389842e-07,2.027829723327792e-09,1.1371666639009625e-11,9.634151462473756e-13,0.0004563917325441527,4.1282135934487065e-09
1.7850000000000001,800.0000000000001,1.0000000000000002,0.23130135769493315,3.800483508161936e-22,0.40508302036169813,0.012367467087545712,0.049788430119357664,0.2684037591208719,0.03305596561559344,0.9330672989073346,0.0253189766351259,0.0007995357664995588,3.2012740845104947e-06,0.040358423305484205,1.9577377245722175e-07,2.0126948287200404e-09,1.12815300973877e-11,9.55375556055635e-13,0.0004523621901450506,4.122628337847773e-09
1.8,800.0000000000001,1.0,0.23151590680469197,3.7907089852994123e-22,0.40492647158686357,0.012285739307780059,0.04984806455679964,0.2683731248894921,0.033050692854372725,0.9330203833281014,0.0253299242550256,0.0007991865912475647,3.1984831578749674e-06,0.04039871121071167,1.9574158452726446e-07,1.9977550805979117e-09,1.1192632743041069e-11,9.474523905849838e-13,0.0004483942631666374,4.117116457260506e-09
1.815,800.0000000000001,1.0000000000000002,0.2317280214869579,3.781074138176324e-22,0.40477170684133407,0.012204928032080157,0.04990705867097302,0.26834280574494435,0.03304547922371047,0.9329739813855176,0.025340741415237032,0.0007988414077465844,3.1957268683656097e-06,0.04043855169618935,1.9570973640579789e-07,1.983006653563499e-09,1.1104948859645919e-11,9.396431232942536e-13,0.00044448655198420033,4.1116764737049624e-09
1.83,800.0000000000001,0.9999999999999994,0.23193774473897208,3.7715759379362023e-22,0.40461869445319437,0.012125017254144568,0.04996542320269081,0.26831279666194546,0.033040323689052756,0.932928084356198,0.02535143052817932,0.000798500144997064,3.1930045511394096e-06,0.04047795250432526,1.9567822252702265e-07,1.9684458151059935e-09,1.1018453396106875e-11,9.319452962299454e-13,0.00044063769682977256,4.106306945317313e-09
1.845,800.0000000000001,1.0,0.23214511822931,3.762211458371647e-22,0.40446740378978246,0.012045991451999593,0.05002316853303505,0.2682830927457079,0.033035225250164994,0.9328826838025465,0.025361993930964558,0.0007981627343297525,3.190315563220179e-06,0.04051692111810537,1.95647037482503e-07,1.9540689534703702e-09,1.0933122129225347e-11,9.243565340776114e-13,0.0004368463845262978,4.101006477745958e-09
1.86,800.0000000000001,0.9999999999999996,0.23235018277083241,3.7529778498679265e-22,0.4043178048232899,0.011967835419848796,0.050080304869930044,0.26825368919033094,0.03303018292576797,0.9328377714344119,0.025372433909348808,0.0007978291084285877,3.1876592759036242e-06,0.04055546488802155,1.956161759617847e-07,1.9398725361334844e-09,1.0848931410796631e-11,9.168745213414907e-13,0.0004331113369320886,4.095773709799281e-09
1.8750000000000002,800.0000000000001,0.9999999999999999,0.23255297815960177,3.7438723459263126e-22,0.40416986826661505,0.011890534329060285,0.050136842179967195,0.2682245813065322,0.03302519575822354,0.932793339158261,0.02538275268999436,0.0007974992016396642,3.1850350771094266e-06,0.04059359098646431,1.955856327828223e-07,1.9258531271459357e-09,1.0765858266880151e-11,9.09497010713361e-13,0.0004294313148023468,4.0906073176100166e-09
1.89,800.0000000000001,0.9999999999999997,0.23275354312824284,3.7348922648673836e-22,0.4040235656500318,0.011814073740970325,0.05019279015256374,0.2681957645112351,0.033020262816956344,0.9327493791030297,0.02539295243859251,0.0007971729501433483,3.1824423723786404e-06,0.04063130638407348,1.9555540288970476e-07,1.9120073873667996e-09,1.0683880394908188e-11,9.022218224692586e-13,0.0004258051172937645,4.0855060160748886e-09
1.905,800.0000000000001,0.9999999999999999,0.23295191549393335,3.7260345536318184e-22,0.403878869154691,0.011738439558503668,0.05024815827101405,0.26816723432957074,0.03301538319228709,0.9327058835681162,0.025403035267404058,0.0007968502915800536,3.179880582054176e-06,0.04066861789837629,1.955254813431675e-07,1.8983320622156633e-09,1.0602976086341224e-11,8.950468372604599e-13,0.000422231578168022,4.080468553601614e-09
1.9200000000000002,800.0000000000001,0.9999999999999999,0.23314813215914792,3.7172980180879574e-22,0.40373575164441217,0.01166361802104241,0.050302955796754034,0.268138986382323,0.03301055599632054,0.9326628450336043,0.025413003235691248,0.0007965311651205868,3.177349141527333e-06,0.040705532183629434,1.954958633134955e-07,1.8848239815361626e-09,1.0523124222358291e-11,8.879699953983526e-13,0.0004187095652274713,4.075493712174445e-09
1.935,800.0000000000001,1.0,0.2333422291887423,3.708678857703907e-22,0.4035941865882349,0.011589595678815564,0.05035719179882837,0.2681110163847845,0.03300578036059431,0.932620256138121,0.025422858353808454,0.0007962155112933473,3.174847499870506e-06,0.04074205575122437,1.954665440749888e-07,1.871480053217153e-09,1.0444304232146828e-11,8.809892928420521e-13,0.00041523797813014236,4.070580304657818e-09
1.9500000000000002,800.0000000000001,0.9999999999999997,0.23353424161748768,3.7001757028298893e-22,0.4034541482479285,0.011516359461600376,0.05041087506800413,0.2680833201616818,0.0330010554432975,0.9325781097418335,0.0254326025739472,0.0007959032724069771,3.1723751228891386e-06,0.04077819491218958,1.95437519029942e-07,1.8582972779703903e-09,1.0366496177112398e-11,8.74102788324127e-13,0.00041181575172204355,4.065727180191228e-09
1.965,800.0000000000001,1.0000000000000002,0.23372420379048578,3.691784513182404e-22,0.4033156113667301,0.011443896554783105,0.05046401425710509,0.2680558936137241,0.03299638041717179,0.9325363988228844,0.02544223780726005,0.0007955943918468389,3.169931487622647e-06,0.04081395587243111,1.9540878366254492e-07,1.8452727198326987e-09,1.028968057227837e-11,8.673085873077599e-13,0.00040844184794917106,4.060933213870197e-09
1.98,800.0000000000001,0.9999999999999999,0.23391214924840678,3.6835047388561047e-22,0.40317855127814306,0.011372194441913315,0.050516617823836124,0.2680287327333046,0.03299175447439618,0.9324951165181179,0.025451765918452367,0.0007952888143235053,3.167516084188636e-06,0.04084934469450955,1.95380333558772e-07,1.8324035182868545e-09,1.0213838455284486e-11,8.606048477696204e-13,0.0004051152585089706,4.0561973099177145e-09
1.9950000000000003,800.0000000000001,1.0000000000000002,0.23409811066571112,3.675333273378272e-22,0.40304294397951973,0.01130124092575557,0.05056869399866716,0.26800183360169183,0.032987176828654596,0.9324542561466608,0.025461188722995142,0.0007949864860370782,3.16512841681867e-06,0.04088436727642655,1.9535216440920307e-07,1.8196868908444794e-09,1.0138951398471616e-11,8.539897810100418e-13,0.0004018350051052805,4.05151840336023e-09
2.0100000000000002,800.0000000000001,0.9999999999999997,0.23428212005475282,3.667268996711286e-22,0.40290876591588476,0.011231024057537654,0.05062025087755418,0.2679751923861587,0.032982646708111865,0.9324138111419219,0.025470507997358963,0.0007946873541918608,3.162768000255656e-06,0.04091902941460652,1.9532427199266288e-07,1.807120116330651e-09,1.0065001406717035e-11,8.474616423934825e-13,0.0003986001347251562,4.046895453384489e-09
2.025,800.0000000000001,0.9999999999999999,0.23446420859765485,3.659308808508534e-22,0.40277599418342436,0.011161532192532065,0.05067129633004335,0.2679488053341993,0.032978163362146054,0.9323737751175517,0.025479725471075153,0.0007943913674531405,3.1604343628688057e-06,0.040953336742265825,1.9529665218572514e-07,1.79470054860789e-09,9.991970996257402e-12,8.410187380434842e-13,0.0003954097227826204,4.042327448649206e-09
2.04,800.0000000000001,0.9999999999999997,0.23464440683916468,3.651451021289879e-22,0.40264460632509697,0.011092753923660464,0.05072183808881266,0.2679226687688525,0.03297372605441273,0.9323341418021528,0.02548884283637873,0.0007940984754875482,3.158127043229289e-06,0.04098729479020221,1.9526930094561281e-07,1.7824255998200597e-09,9.919843092536903e-12,8.346594156228339e-13,0.0003922628684449734,4.037813400997183e-09
2.055,800.0000000000001,1.0000000000000002,0.23482274459446928,3.643693664345228e-22,0.4025145804339242,0.011024678112766306,0.050771883700558046,0.26789677909168336,0.03296933406659873,0.9322949050743773,0.02549786174391404,0.0007938086291959229,3.155845591713144e-06,0.04102090895402165,1.952422143196475e-07,1.7702927485769192e-09,9.848601076283525e-12,8.283820681571439e-13,0.00038915869636664167,4.033352348153111e-09
2.0700000000000003,800.0000000000001,1.0,0.23499925097272747,3.6360348199416067e-22,0.4023858951180904,0.010957293885236858,0.05082144053965247,0.26787113278739444,0.03296498669689842,0.9322560589532014,0.025506783804036478,0.0007935217806354,3.153589569903099e-06,0.04105418450373154,1.9521538844652983e-07,1.7582995370674866e-09,9.77822876365834e-12,8.221851320722603e-13,0.00038609635559755737,4.028943352571916e-09
2.085,800.0000000000001,1.0,0.2351739544795629,3.6284728038902995e-22,0.40225852943535106,0.010890590587976907,0.05087051583642356,0.267845726402325,0.03296068325836047,0.9322175975759679,0.025515610592164038,0.0007932378828706326,3.151358549243575e-06,0.04108712660308864,1.9518881953602923e-07,1.746443562074116e-09,9.708710351111849e-12,8.160670821551846e-13,0.0003830750169891653,4.024585498675036e-09
2.1,800.0000000000001,1.0,0.23534688297846187,3.6210052361419437e-22,0.4021324629102503,0.010824557806887656,0.05091911666749848,0.2678205565579893,0.03295642307891232,0.9321795152056274,0.025524343646961635,0.0007929568900132163,3.1491521113665322e-06,0.04111974030343154,1.9516250388032122e-07,1.734722479079016e-09,9.640030437274077e-12,8.100264332683665e-13,0.00038009387390248913,4.020277893434743e-09
2.115,800.0000000000001,0.9999999999999993,0.23551806371459516,3.6136309133326084e-22,0.4020076755255395,0.0107591853572046,0.05096724995623457,0.2677956199449095,0.03295220550151673,0.9321418062297898,0.025532984471752018,0.0007926787572032794,3.1469698478367594e-06,0.041152030544271696,1.9513643784924358e-07,1.7231339993192424e-09,9.572174003391173e-12,8.040617384487188e-13,0.0003771521411690432,4.016019665703904e-09
2.13,800.0000000000001,0.9999999999999999,0.23568752334578214,3.6063479004981414e-22,0.4018841476942255,0.010694463271751081,0.05101492248558621,0.2677709133197809,0.03294802988287412,0.9321044651511337,0.025541534536184577,0.0007924034405455556,3.1448113595876102e-06,0.041184002162257635,1.951106178861883e-07,1.7116758870592577e-09,9.505126395208193e-12,7.981715871407163e-13,0.0003742490541142399,4.01180996507843e-09
2.145,800.0000000000001,1.0000000000000002,0.23585528792255409,3.5991545290514605e-22,0.4017618602850191,0.010630381808266429,0.0510621408832237,0.2677464335060157,0.032943895594921,0.9320674865977792,0.025549995275447927,0.0007921308971677449,3.1426762572816467e-06,0.04121565988144676,1.9508504051061644e-07,1.7003459610095312e-09,9.438873329312513e-12,7.923546055761962e-13,0.00037138386863727277,4.007647962399875e-09
2.16,800.0000000000001,1.0000000000000002,0.23602138295366457,3.5920491538609925e-22,0.4016407945568386,0.010566931426141978,0.05110891165091573,0.26772217739048876,0.032939802021950244,0.9320308653017405,0.025558368093611436,0.0007918610850724478,3.1405641601522348e-06,0.041247008333357336,1.9505970231115155e-07,1.6891420886860065e-09,9.373400857964256e-12,7.866094535290431e-13,0.0003685558595221513,4.003532847568354e-09
2.175,800.0000000000001,0.9999999999999999,0.23618583339339552,3.585030175158053e-22,0.40152093218864776,0.010504102788178024,0.05115524115120699,0.2676981419168378,0.032935748561734014,0.9319945961080425,0.025566654363196353,0.0007915939632031634,3.1384746963395397e-06,0.04127805204826092,1.95034599942561e-07,1.6780621871632097e-09,9.308695371879342e-12,7.80934824404921e-13,0.0003657643203861305,3.999463829964709e-09
2.19,800.0000000000001,1.0000000000000004,0.2363486636912465,3.5780959884203204e-22,0.4014022552089506,0.010441886748730589,0.05120113563126715,0.26767432409608866,0.03293173462371646,0.9319586739571462,0.025574855427712123,0.0007913294912897969,3.1364075018621137e-06,0.041308795471473515,1.9500973012978744e-07,1.667104219800981e-09,9.244743578921448e-12,7.753294432077485e-13,0.0003630085625836671,3.9954401365759076e-09
2.205,800.0000000000001,1.0,0.23650989774742578,3.57124520158881e-22,0.4012847460710553,0.010380274362680235,0.051246601194121257,0.26765072099374343,0.032927759630973975,0.9319230939055052,0.025582972599676287,0.0007910676300139623,3.1343622215767258e-06,0.041339242944262174,1.949850896627974e-07,1.6562661984096701e-09,9.181532515471447e-12,7.697920674074231e-13,0.0003602879155535232,3.991461013504729e-09
2.22,800.0000000000001,1.0,0.236669558987329,3.564476200817158e-22,0.4011683875697991,0.010319256861820714,0.05129164383222979,0.26762732973112874,0.03292382301769258,0.9318878511008941,0.025591007164367532,0.000790808340823332,3.132338507833395e-06,0.04136939872665357,1.9496067539238003e-07,1.6455461774433788e-09,9.119049510513041e-12,7.643214836519354e-13,0.00035760172512394015,3.987525723490283e-09
2.235,800.0000000000001,0.9999999999999999,0.23682767028384819,3.5577899272509754e-22,0.40105316291605636,0.010258825683516541,0.05133626939211788,0.2676041474924657,0.03291992423199535,0.9318529408080916,0.025598960376140213,0.0007905515860998087,3.1303360216779504e-06,0.041399266973916306,1.9493648424062057e-07,1.6349422602465365e-09,9.057282220704745e-12,7.589165106923243e-13,0.0003549493548550415,3.983633548003834e-09
2.2500000000000004,800.0000000000001,0.9999999999999999,0.23698425410605903,3.5511779379882595e-22,0.4009390556072414,0.010198972414550372,0.05138048363352661,0.2675811715078122,0.032916062730810526,0.9318183583651892,0.025606833465863822,0.0007902973288666853,3.1283544305594945e-06,0.04142885177649281,1.9491251317932638e-07,1.6244525862867795e-09,8.996218554060637e-12,7.535759925974525e-13,0.00035233018265788544,3.979783782945673e-09
2.265,800.0000000000001,1.0,0.23713933242802793,3.5446458769082613e-22,0.4008260495105933,0.01013968882584295,0.051424292188826534,0.26755839906341755,0.032912237983291716,0.9317840992129339,0.02561462763655904,0.0007900455329772598,3.1263934097193588e-06,0.04145815713295696,1.948887592436589e-07,1.6140753395128535e-09,8.935846717561966e-12,7.482988027763092e-13,0.00034974360266880924,3.975975741098786e-09
2.28,800.0000000000001,1.0,0.23729292679419534,3.5381900633600646e-22,0.4007141288078972,0.010080966847707994,0.051467700587773314,0.26753582749399907,0.032908449468427255,0.9317501588764658,0.025622344066731098,0.0007897961629899236,3.124452641182471e-06,0.04148718696684048,1.9486521952266678e-07,1.6038087419476169e-09,8.876155178173587e-12,7.430838404645903e-13,0.00034718902347480974,3.972208750191031e-09
2.2950000000000004,800.0000000000001,0.9999999999999999,0.23744505829826923,3.5318091802302984e-22,0.40060327801108664,0.010022798577948994,0.05151071424666941,0.2675134541891445,0.03290469667688134,0.9317165329729776,0.02562998390944259,0.000789549184204981,3.1225318140394143e-06,0.04151594511955809,1.9484189116551542e-07,1.5936510556838633e-09,8.817132673233417e-12,7.379300315127211e-13,0.0003446658684233475,3.968482153342608e-09
2.31,800.0000000000001,0.9999999999999996,0.2375957476003562,3.5255019450715677e-22,0.4004934819563013,0.009965176275679126,0.05155333847398599,0.26749127658469224,0.03290097910898537,0.9316832172074336,0.025637548293258417,0.000789304562648876,3.1206306241979287e-06,0.041544435354377185,1.9481877137429016e-07,1.5836005810735707e-09,8.758768198517316e-12,7.328363272356169e-13,0.0003421735749979253,3.964795308514386e-09
2.325,800.0000000000001,0.9999999999999997,0.23774501496086442,3.519267104774923e-22,0.40038472576885953,0.009908092348766948,0.0515955784821311,0.2674692921644624,0.0328972962749157,0.9316502073636627,0.02564503832401555,0.0007890622649972049,3.1187487738225373e-06,0.04157266136448974,1.947958574033685e-07,1.573655653982217e-09,8.701050990983199e-12,7.278017028036288e-13,0.00033971159397060206,3.961147587420638e-09
2.34,800.0000000000001,1.0000000000000002,0.23789288022346802,3.513103436089612e-22,0.4002769948856667,0.009851539359458091,0.051637439377512376,0.26744749845892335,0.032893647694971384,0.9316174993113641,0.025652455084095235,0.0007888222586244247,3.1168859716246963e-06,0.04160062676652851,1.947731465598839e-07,1.5638146470263668e-09,8.643970534859687e-12,7.228251576714047e-13,0.0003372793895485975,3.957538375963451e-09
2.355,800.0000000000001,1.0000000000000002,0.2380393628536393,3.5070097536403884e-22,0.4001702750170491,0.00979551001081329,0.05167892617662921,0.26742589304355124,0.0328900328983178,0.931585088994236,0.025659799634391592,0.0007885845115181996,3.1150419322054134e-06,0.04162833511152843,1.9475063620002881e-07,1.554075966295141e-09,8.587516541312753e-12,7.179057137102202e-13,0.00033487643840824917,3.953967072987369e-09
2.37,800.0000000000001,0.9999999999999999,0.2381844819130709,3.5009848592465383e-22,0.40006455217688575,0.00973999715580103,0.05172004379273937,0.2674044735376835,0.032886451423819456,0.931552972439481,0.025667073013158875,0.0007883489923464678,3.113216376475402e-06,0.04165578987615981,1.9472832373017978e-07,1.5444380533434836e-09,8.531678959006291e-12,7.130424160314715e-13,0.00033250223003683695,3.950433090956469e-09
2.385,800.0000000000001,1.0,0.23832825610498556,3.4950274838524795e-22,0.39995981263874725,0.009684993780695973,0.05176079705229323,0.26738323760434407,0.03288290281893387,0.9315211457455405,0.025674276238328155,0.0007881156703602626,3.1114090309374862e-06,0.0416829944738971,1.947062066041824e-07,1.5348993812336674e-09,8.476447949919362e-12,7.082343307940343e-13,0.0003301562656157719,3.946935854585737e-09
2.4000000000000004,800.0000000000001,1.0,0.2384707037685089,3.489136977981512e-22,0.39985604294364174,0.009630493007792174,0.05180119069110642,0.2673621829489315,0.03287938664001915,0.9314896050846325,0.025681410307314478,0.0007878845154107905,3.109619627762211e-06,0.041709952252607645,1.9468428232290457e-07,1.5254584552959061e-09,8.42181389277921e-12,7.034805454121056e-13,0.00032783805806495654,3.943474800913376e-09
2.415,800.0000000000001,0.9999999999999999,0.2386118428861009,3.483311775913195e-22,0.3997532298958422,0.009576488091392962,0.051841229357147474,0.2673413073176634,0.03287590245185295,0.9314583467007097,0.02568847619745384,0.0007876554979391482,3.107847904654462e-06,0.04173666649657617,1.9466254843265562e-07,1.5161138119859377e-09,8.367767375450879e-12,6.987801678150059e-13,0.0003255471316367798,3.940049379000458e-09
2.4299999999999997,800.0000000000001,0.9999999999999997,0.2387516910756531,3.4775510735461644e-22,0.3996513605673256,0.00952297242276833,0.051880917605055706,0.26732060850124056,0.0328724498279569,0.9314273669132096,0.02569547486570297,0.0007874285889879168,3.106093604947738e-06,0.041763140422982,1.9464100252861194e-07,1.5068640197028335e-09,8.314299198646497e-12,6.941323266809672e-13,0.0003232830219773938,3.93665905005128e-09
2.4450000000000003,800.0000000000001,1.0,0.2388902656729071,3.4718535202554417e-22,0.3995504222419981,0.009469939495263811,0.05192025992478768,0.2673000843161986,0.03286902834884466,0.9313966620956221,0.0257024072527857,0.0007872037600728391,3.1043564764873607e-06,0.0417893772011919,1.9461964223675167e-07,1.4977076715094147e-09,8.261400332868706e-12,6.895361676355184e-13,0.0003210452742455265,3.933303285244752e-09
2.46,800.0000000000001,0.9999999999999997,0.23902758363900173,3.4662183321391613e-22,0.3994504024731872,0.009417382944554993,0.05195926070937752,0.2672797326301976,0.03286563760368096,0.9313662286993456,0.025709274278674647,0.0007869809833159699,3.102636272778928e-06,0.04181537993134552,1.945984652372184e-07,1.4886433937175138e-09,8.209061967265615e-12,6.849908573971825e-13,0.00031883344506108675,3.92998156789707e-09
2.475,800.0000000000001,1.0000000000000004,0.23916366162363586,3.4606446291101725e-22,0.39935128904804645,0.00936529652087174,0.05199792427417437,0.26725955134406326,0.03286227718920819,0.9313360632392753,0.025716076845807793,0.0007867602313630654,3.1009327522029068e-06,0.04184115165735229,1.945774692482228e-07,1.4796698391885274e-09,8.157275469883543e-12,6.804955802717166e-13,0.0003166471007791601,3.926693391886139e-09
2.49,800.0000000000001,0.9999999999999999,0.23929851596792387,3.4551312183103487e-22,0.39925306997664545,0.009313674090225635,0.052036254858727225,0.2672395383966261,0.032858946709851886,0.931306162292224,0.02572281583927644,0.0007865414773604733,3.0992456778800485e-06,0.04186669536827637,1.9455665202921464e-07,1.47078568798802e-09,8.106032390644442e-12,6.760495383324629e-13,0.00031448581752674696,3.923438261394126e-09
2.505,800.0000000000001,1.0000000000000007,0.23943216266806902,3.4496773779088734e-22,0.3991557335345647,0.009262509645737181,0.05207425661009069,0.26721969176338006,0.032855645778158235,0.9312765225091325,0.025729492125124168,0.0007863246950490914,3.0975748182679713e-06,0.04189201398731324,1.9453601138243694e-07,1.461989649497133e-09,8.055324472850984e-12,6.716519523550231e-13,0.0003123491816187227,3.920215691916458e-09
2.52,800.0000000000001,1.0000000000000004,0.23956461753958264,3.444281700147853e-22,0.399059268105833,0.009211797249220674,0.05211193364921174,0.26720000944546546,0.03285237401068653,0.931247140565986,0.025736106558432222,0.0007861098584132376,3.0959199446074008e-06,0.04191711041624838,1.945155451346525e-07,1.4532804500717754e-09,8.005143580761924e-12,6.673020554765177e-13,0.0003102367864518798,3.917025205593046e-09
2.535,800.0000000000001,0.9999999999999999,0.23969589598652188,3.4389437454007423e-22,0.3989636624017242,0.009161531114900683,0.05214928997317787,0.26718048948923,0.03284913103444534,0.9312180132353651,0.025742659972122526,0.0007858969421718518,3.094280834483822e-06,0.04194198747027082,1.9449525116627975e-07,1.4446568513177631e-09,7.955481805032793e-12,6.62999102260712e-13,0.00030814823684201416,3.913866337607639e-09
2.5500000000000003,800.0000000000001,0.9999999999999999,0.23982601319528646,3.4336624628398067e-22,0.3988689052798411,0.009111705538371007,0.052186329537325334,0.2671611299680952,0.032845916481080976,0.9311891373265291,0.025749153186458328,0.0007856859213712526,3.092657268799277e-06,0.041966647932952406,1.94475127385691e-07,1.4361176333328246e-09,7.90633136454642e-12,6.587423601471764e-13,0.0003060831448719484,3.910738630677457e-09
2.565,800.0000000000001,1.0000000000000002,0.23995498404867574,3.428436978274916e-22,0.3987749858270886,0.009062314928292318,0.052223056214738356,0.26714192899114425,0.03284272999006077,0.9311605097144292,0.025755587004937464,0.0007854767715728469,3.0910490331416942e-06,0.041991094529284546,1.9445517174148877e-07,1.4276616028129188e-09,7.857684652947448e-12,6.545311134124374e-13,0.0003040411317561046,3.907641637460224e-09
2.58,800.0000000000001,1.0000000000000002,0.24008282317107363,3.42326638829507e-22,0.39868189331511816,0.009013353790154832,0.052259473817851496,0.2671228846990799,0.03283957120672192,0.9311321273241719,0.025761962216520662,0.0007852694687520175,3.0894559170130865e-06,0.042015329940225096,1.9443538221631336e-07,1.4192875887295004e-09,7.80953421279739e-12,6.503646608814093e-13,0.0003020218267084654,3.904574919150061e-09
2.595,800.0000000000001,0.9999999999999999,0.24020954490143548,3.4181499976912927e-22,0.398589617237951,0.00896481673436895,0.05229558608017556,0.2671039952621496,0.03283643978391937,0.9311039871438522,0.025768279594423932,0.0007850639893828301,3.087877714379406e-06,0.04203935679058911,1.9441575682798776e-07,1.4109944443052832e-09,7.761872746487723e-12,6.462423168180386e-13,0.00030002486733999933,3.901538046362588e-09
2.61,800.0000000000001,1.0,0.2403351633567862,3.413086843567487e-22,0.39849814724048105,0.008916698454992496,0.052331396689342016,0.26708525887953966,0.03283333537885847,0.9310760862007077,0.025774539899196692,0.0007848603102768836,3.086314222515776e-06,0.04206317767121576,1.943962936240987e-07,1.4027810422409225e-09,7.714693087895465e-12,6.421634084217296e-13,0.00029804989841858025,3.898530597090022e-09
2.625,800.0000000000001,0.9999999999999999,0.24045969239206377,3.4080761692927264e-22,0.3984074731630327,0.008868993743967128,0.052366909263646136,0.2670666737817118,0.032830257655578336,0.9310484215777242,0.025780743876867063,0.0007846584086848685,3.084765242725862e-06,0.0420867951233926,1.9437699068713633e-07,1.3946462780467916e-09,7.667988221153342e-12,6.381272773967084e-13,0.0002960965725930501,3.895552157912217e-09
2.64,800.0000000000001,1.0,0.24058314562011052,3.403117179949349e-22,0.3983175850219292,0.00882169748368172,0.05240212736125621,0.26704823822912077,0.03282720628390156,0.9310209904069962,0.02578689225995049,0.0007844582622524941,3.083230579996886e-06,0.04211021164510205,1.9435784613216533e-07,1.3865890679920927e-09,7.621751268151291e-12,6.341332788259356e-13,0.0002941645498250376,3.8926023233526705e-09
2.6550000000000002,800.0000000000001,1.0000000000000002,0.2407055363825816,3.3982091289046493e-22,0.39822847304076975,0.00877480465711108,0.05243705446658268,0.2670299505125312,0.03282418094042358,0.9309937898795807,0.02579298576608857,0.0007842598490901914,3.081710043462482e-06,0.04213342968202575,1.9433885810909402e-07,1.37860835119619e-09,7.575975500081889e-12,6.301807821203201e-13,0.0002922534978176085,3.8896806966669795e-09
2.67,800.0000000000001,0.9999999999999999,0.24082687784310905,3.393351236592283e-22,0.3981401275654699,0.008728310313761055,0.05247169402941727,0.26701180894298704,0.032821181305255624,0.9309668172167457,0.025799025102617473,0.0007840631475813707,3.080203444961016e-06,0.04215645165372411,1.943200247893756e-07,1.3707030824150995e-09,7.530654295219767e-12,6.262691673318275e-13,0.00029036309021460334,3.886786887207896e-09
2.685,800.0000000000001,0.9999999999999999,0.24094718288934266,3.3885427716071465e-22,0.39805253915039013,0.00868220960645763,0.052506049420529534,0.26699381186714805,0.03281820706613197,0.9309400697021355,0.02580501096187053,0.0007838681365789639,3.0787106005326336e-06,0.04217927992411237,1.943013443838484e-07,1.3628722401001835e-09,7.485781184992692e-12,6.223978290778745e-13,0.0002884930084568066,3.8839205130957586e-09
2.7,800.0000000000001,0.9999999999999996,0.24106646420888875,3.3837830087136617e-22,0.39796569849485713,0.008636497761890986,0.0525401239662004,0.26697595765329224,0.032815257914870485,0.9309135446568125,0.02581094402488539,0.0007836747952592012,3.0772313292383495e-06,0.04220191682457817,1.9428281512734665e-07,1.3551148194621922e-09,7.441349813366269e-12,6.185661730044028e-13,0.00028664294006412836,3.881081199059838e-09
2.715,800.0000000000001,1.0000000000000002,0.24118473429946732,3.3790711283051283e-22,0.3978795964302875,0.008591170078933825,0.052573920947995734,0.26695824469527,0.032812333548045636,0.930887239438826,0.025816824961968233,0.0007834831030957324,3.0757654530250664e-06,0.042224364653883156,1.9426443528147012e-07,1.3474298327459442e-09,7.39735393799934e-12,6.147736158372221e-13,0.0002848125786280427,3.878268576152283e-09
2.7300000000000004,800.0000000000001,0.9999999999999999,0.24130200533952798,3.374406760055821e-22,0.3977942240463901,0.008546221973941918,0.05260744354964217,0.2669406714202162,0.03280943367028146,0.9308611514823887,0.025822654426437875,0.0007832930401409398,3.074312798698619e-06,0.04224662564287884,1.942462031483444e-07,1.33981631816618e-09,7.353787481294165e-12,6.110195897442379e-13,0.0002830016258882258,3.875482285275555e-09
2.745,800.0000000000001,1.0,0.24141828941540242,3.3697888970418224e-22,0.39770957247515754,0.008501648898702321,0.05264069495221384,0.2669232362704776,0.03280655798804629,0.9308352782280944,0.02582843306569095,0.0007831045865416809,3.0728731944130287e-06,0.042268702017975564,1.9422811704292883e-07,1.3322733223002291e-09,7.31064442830706e-12,6.073035335053424e-13,0.000281209787472527,3.872721970840866e-09
2.76,800.0000000000001,0.9999999999999999,0.24153359836884902,3.3652169771957093e-22,0.3976256330389533,0.00845744639578266,0.0526736782673138,0.2669059377155459,0.03280370621355536,0.9308096171713405,0.02583416151385146,0.0007829177228715015,3.0714464720492803e-06,0.042290595956695674,1.942101753117699e-07,1.3247999130840489e-09,7.267918901497782e-12,6.036248989080373e-13,0.0002794367759338415,3.869987284998491e-09
2.775,800.0000000000001,0.9999999999999999,0.24164794382343702,3.3606901530997305e-22,0.39754239721957385,0.008413610090350486,0.052706396548008,0.2668887742538113,0.03280087806481955,0.9307841658545372,0.02583984039308948,0.0007827324300629903,3.0700324667625216e-06,0.042312309595044985,1.9419237633264017e-07,1.317395176595964e-09,7.225605141475006e-12,5.999831490525007e-13,0.00027768230992372857,3.867277886820774e-09
2.79,800.0000000000001,1.0000000000000002,0.24176133723509807,3.3562083575625043e-22,0.39745985661999067,0.008370135669138771,0.0527388528101228,0.26687174440202827,0.032798073263621434,0.9307589218514559,0.025845470316102622,0.0007825486893191358,3.0686310162411787e-06,0.042333845041757044,1.9417471850361094e-07,1.3100582130645224e-09,7.183697483743753e-12,5.963777563228718e-13,0.0002759461131995889,3.8645934409213425e-09
2.805,800.0000000000001,0.9999999999999999,0.24187378984880334,3.351770384309121e-22,0.39737800300663495,0.00832701889698521,0.0527710500117753,0.2668548466993722,0.03279529153642888,0.9307338827819408,0.025851051884063187,0.0007823664822088083,3.0672419613896785e-06,0.04235520436472982,1.941572002490528e-07,1.302788140541266e-09,7.14219037947533e-12,5.92808204136529e-13,0.0002742279154398771,3.861933618645431e-09
2.82,800.0000000000001,1.0,0.2419853127462243,3.347375805518242e-22,0.3972968282541404,0.008284255601308445,0.05280299107453842,0.2668380797096724,0.032792532614115966,0.9307090462964719,0.02585658568894723,0.0007821857905448453,3.0658651455125204e-06,0.04237638960517781,1.9413982001803574e-07,1.2955840912471024e-09,7.101078373977058e-12,5.892739850572392e-13,0.0002725274513205429,3.859298096619814e-09
2.8350000000000004,800.0000000000001,0.9999999999999997,0.2420959168030892,3.343024015150455e-22,0.39721632439597465,0.00824184168555201,0.05283467886331471,0.266821442019546,0.03278979623252342,0.9306844100907308,0.02586207231151523,0.0007820065964958445,3.064500415036521e-06,0.042397402764303725,1.941225762859944e-07,1.2884452145796005e-09,7.060356123725619e-12,5.85774602231541e-13,0.00027084446118547356,3.856686557989881e-09
2.85,800.0000000000001,0.9999999999999997,0.24220561273213695,3.338714417748456e-22,0.3971364835823736,0.008199773114343728,0.052866116204765064,0.2668049322351875,0.032787082131193225,0.9306599718921185,0.0258675123234173,0.0007818288824918775,3.0631476188241623e-06,0.04241824581562082,1.9410546754957817e-07,1.2813706737196935e-09,7.020018376418064e-12,5.823095676429257e-13,0.0002691786901930906,3.8540986911750005e-09
2.8649999999999998,800.0000000000001,0.9999999999999999,0.24231441106958546,3.3344464292504275e-22,0.3970572980938299,0.008158045918337662,0.0528973058796093,0.26678854898462007,0.032784390054017724,0.9306357294651626,0.025872906286580562,0.0007816526312554618,3.0618066083969233e-06,0.04243892069988505,1.9408849232940288e-07,1.2743596468665526e-09,6.9800599777714586e-12,5.788784026656989e-13,0.00026752988856211226,3.851534190237461e-09
2.8800000000000003,800.0000000000001,1.0,0.24242232217789658,3.330219476711706e-22,0.3969787603383624,0.008116656192995952,0.052928250624633515,0.26677229091702237,0.03278171974908906,0.9306116806101231,0.025878254753361224,0.0007814778257948862,3.060477237866615e-06,0.042459429326494186,1.9407164916926306e-07,1.267411326774994e-09,6.940475868502657e-12,5.754806377780671e-13,0.0002658978114186206,3.84899275474806e-09
2.895,800.0000000000001,0.9999999999999997,0.24252935621884494,3.326032999454174e-22,0.39690086287871207,0.008075600108354463,0.05295895311982432,0.2667561567046157,0.032779070969648626,0.9305878231722962,0.0258835582652807,0.0007813044494654335,3.059159364361337e-06,0.042479773564996,1.9405493663943132e-07,1.2605249226041529e-09,6.90126109458438e-12,5.721158134134068e-13,0.0002642822191871147,3.846474090520332e-09
2.91,800.0000000000001,0.9999999999999997,0.2426355232835868,3.321886443086436e-22,0.3968235983115666,0.008034873861846112,0.05298941604340459,0.2667401450297342,0.03277644346986176,0.9305641550016461,0.025888817359338435,0.0007811324856976185,3.0578528460338235e-06,0.04249995528170731,1.9403835331884723e-07,1.2536996503681022e-09,6.862410752146979e-12,5.687834752076573e-13,0.00026268287530159865,3.843977906016633e-09
2.9250000000000003,800.0000000000001,0.9999999999999997,0.2427408332135487,3.3177793846676834e-22,0.3967469594321625,0.007994473743934815,0.053019641993916365,0.26672425460580973,0.032773837010628144,0.930540674009554,0.02589403255939067,0.0007809619183687445,3.0565575447912772e-06,0.04251997628798992,1.9402189782217553e-07,1.2469347468053148e-09,6.823920066823634e-12,5.65483180775394e-13,0.000261099549424594,3.841503917226502e-09
2.94,800.0000000000001,1.0,0.24284529572459543,3.313710941347189e-22,0.3966709391269231,0.007954396091124511,0.05304963354334573,0.2667084841584082,0.03277125135560307,0.9305173781302509,0.025899204382176803,0.0007807927315590629,3.055273324429846e-06,0.04253983837561547,1.940055687779859e-07,1.2402294585667198e-09,6.785784331270701e-12,5.622144943331978e-13,0.0002595320148738593,3.839051844286345e-09
2.955,800.0000000000001,0.9999999999999999,0.24294892038000385,3.3096809423229516e-22,0.3965955303884418,0.0079146372982828,0.05307939322585156,0.2666928324351791,0.03276868627224088,0.9304942653287697,0.025904333336028252,0.0007806249095878351,3.054000050974976e-06,0.04255954330931612,1.9398936483763255e-07,1.2335830456049232e-09,6.7479989243986996e-12,5.58976988316638e-13,0.0002579800493699475,3.836621412102273e-09
2.97,800.0000000000001,0.9999999999999999,0.24305171658907285,3.3056887720790353e-22,0.39652072632665175,0.007875193816974489,0.0531089235353085,0.2666772982004276,0.032766141531564826,0.9304713336027087,0.025909419920841014,0.0007804584370366949,3.052737592769548e-06,0.04257909282520324,1.939732846716675e-07,1.2269947805367132e-09,6.710559307454921e-12,5.557702430261355e-13,0.00025644343485830927,3.834212350456675e-09
2.9850000000000003,800.0000000000001,1.0000000000000002,0.24315369361431208,3.3017338878446755e-22,0.39644652015951093,0.007836062153798248,0.05313822692819214,0.2666618802360788,0.032763616908107786,0.9304485809800538,0.02591446462844456,0.0007802932987293814,3.051485820339714e-06,0.04259848863273095,1.9395732697008112e-07,1.220463948251493e-09,6.673461021473314e-12,5.525938463831269e-13,0.0002549219573779118,3.83182439376036e-09
3.0,800.0000000000001,1.0000000000000002,0.24325486057925838,3.297815835394806e-22,0.39637290520322294,0.007797238867819633,0.053167305826482124,0.2666465773432811,0.03276111217993557,0.9304260055169897,0.02591946794300244,0.0007801294797105535,3.050244606257967e-06,0.04261773241666852,1.9394149044300366e-07,1.2139898453653389e-09,6.636699683878101e-12,5.494473936163531e-13,0.0002534154068979153,3.829457280797865e-09
